transaction_id,order_id,customer_id,amount,payment_date,payment_status,gateway_fee,tax_on_fee,refund_amount,expected_settlement,settlement_id,settled_amount,settlement_date,difference,status,priority_score,priority,fee_percentage,refund_percentage,difference_percentage,settlement_available,ml_prediction,is_anomaly,anomaly_score,ml_risk,combined_risk_score,risk_level
TXN001741,ORD001741,CUST00394,23274.06,2026-08-13,SUCCESS,550.36,99.06,0.0,22624.64,,,,22624.64,MISSING_SETTLEMENT,23124.64,CRITICAL,2.3646927093940633,0.0,100.0,0,-1,1,99.81,CRITICAL,99.08,CRITICAL
TXN001595,ORD001595,CUST00085,23710.47,2026-08-06,SUCCESS,517.06,93.07,0.0,23100.34,,,,23100.34,MISSING_SETTLEMENT,23600.34,CRITICAL,2.180724380410848,0.0,100.0,0,-1,1,97.68,CRITICAL,98.61,CRITICAL
TXN001283,ORD001283,CUST00505,22056.09,2026-08-12,SUCCESS,321.11,57.8,0.0,21677.18,,,,21677.18,MISSING_SETTLEMENT,22177.18,CRITICAL,1.4558790792021614,0.0,100.0,0,-1,1,96.97,CRITICAL,95.77,CRITICAL
TXN001461,ORD001461,CUST00104,22629.01,2026-08-21,SUCCESS,261.99,47.16,0.0,22319.86,,,,22319.86,MISSING_SETTLEMENT,22819.86,CRITICAL,1.1577616519679828,0.0,100.0,0,-1,1,94.97,CRITICAL,95.66,CRITICAL
TXN000784,ORD000784,CUST00428,22067.9,2026-08-06,SUCCESS,537.0,96.66,0.0,21434.24,,,,21434.24,MISSING_SETTLEMENT,21934.24,CRITICAL,2.4333987375327966,0.0,100.0,0,-1,1,96.68,CRITICAL,95.18,CRITICAL
TXN000360,ORD000360,CUST00691,21497.62,2026-08-13,SUCCESS,370.24,66.64,0.0,21060.74,,,,21060.74,MISSING_SETTLEMENT,21560.74,CRITICAL,1.7222371592762364,0.0,100.0,0,-1,1,96.6,CRITICAL,94.5,CRITICAL
TXN001896,ORD001896,CUST00054,21605.08,2026-08-07,SUCCESS,301.53,54.28,0.0,21249.27,,,,21249.27,MISSING_SETTLEMENT,21749.27,CRITICAL,1.395643987432585,0.0,100.0,0,-1,1,95.94,CRITICAL,94.43,CRITICAL
TXN001694,ORD001694,CUST00678,20550.45,2026-08-03,SUCCESS,283.13,50.96,0.0,20216.36,,,,20216.36,MISSING_SETTLEMENT,20716.36,CRITICAL,1.3777313878771509,0.0,100.0,0,-1,1,94.58,CRITICAL,91.86,CRITICAL
TXN000867,ORD000867,CUST00148,20163.83,2026-08-02,SUCCESS,403.47,72.62,0.0,19687.74,,,,19687.74,MISSING_SETTLEMENT,20187.74,CRITICAL,2.000959143178652,0.0,100.0,0,-1,1,94.33,CRITICAL,90.81,CRITICAL
TXN001173,ORD001173,CUST00290,19360.83,2026-08-10,SUCCESS,276.45,49.76,0.0,19034.62,,,,19034.62,MISSING_SETTLEMENT,19534.62,CRITICAL,1.4278829988177157,0.0,100.0,0,-1,1,92.63,CRITICAL,88.69,CRITICAL
TXN001943,ORD001943,CUST00222,24018.61,2026-08-04,SUCCESS,382.2,68.8,7770.23,15797.38,,,,15797.38,MISSING_SETTLEMENT,16297.38,CRITICAL,1.5912661057405069,32.3508729272843,100.0,0,-1,1,100.0,CRITICAL,87.62,CRITICAL
TXN001426,ORD001426,CUST00232,17368.77,2026-08-12,SUCCESS,327.24,58.9,0.0,16982.63,,,,16982.63,MISSING_SETTLEMENT,17482.63,CRITICAL,1.8840712382051232,0.0,100.0,0,-1,1,89.56,CRITICAL,83.37,CRITICAL
TXN000045,ORD000045,CUST00012,17039.06,2026-08-04,SUCCESS,242.98,43.74,0.0,16752.34,,,,16752.34,MISSING_SETTLEMENT,17252.34,CRITICAL,1.4260176324280798,0.0,100.0,0,-1,1,88.84,CRITICAL,82.54,CRITICAL
TXN001600,ORD001600,CUST00446,16199.37,2026-08-03,SUCCESS,404.07,72.73,0.0,15722.57,,,,15722.57,MISSING_SETTLEMENT,16222.57,CRITICAL,2.4943562620027815,0.0,100.0,0,-1,1,90.01,CRITICAL,81.5,CRITICAL
TXN001672,ORD001672,CUST00270,14507.92,2026-08-19,SUCCESS,354.82,63.87,0.0,14089.23,,,,14089.23,MISSING_SETTLEMENT,14589.23,CRITICAL,2.4456986253025934,0.0,100.0,0,-1,1,87.44,CRITICAL,77.19,HIGH
TXN000549,ORD000549,CUST00647,16217.9,2026-08-03,SUCCESS,197.87,35.62,3493.69,12490.72,,,,12490.72,MISSING_SETTLEMENT,12990.72,CRITICAL,1.2200716492270887,21.542184869804355,100.0,0,-1,1,91.75,CRITICAL,77.07,HIGH
TXN000306,ORD000306,CUST00331,15132.47,2026-08-01,SUCCESS,176.13,31.7,0.0,14924.64,,,,14924.64,MISSING_SETTLEMENT,15424.64,CRITICAL,1.163921025450571,0.0,100.0,0,-1,1,84.71,CRITICAL,76.97,HIGH
TXN001332,ORD001332,CUST00639,14730.64,2026-08-26,SUCCESS,340.08,61.21,0.0,14329.35,,,,14329.35,MISSING_SETTLEMENT,14829.35,CRITICAL,2.308657329213123,0.0,100.0,0,-1,1,85.85,CRITICAL,76.64,HIGH
TXN001261,ORD001261,CUST00406,14691.81,2026-08-11,SUCCESS,165.89,29.86,0.0,14496.06,,,,14496.06,MISSING_SETTLEMENT,14996.06,CRITICAL,1.1291324894618158,0.0,100.0,0,-1,1,84.0,CRITICAL,75.82,HIGH
TXN000097,ORD000097,CUST00052,14646.02,2026-08-17,SUCCESS,283.88,51.1,0.0,14311.04,,,,14311.04,MISSING_SETTLEMENT,14811.04,CRITICAL,1.9382740157394294,0.0,100.0,0,-1,1,84.26,CRITICAL,75.66,HIGH
TXN000703,ORD000703,CUST00528,14085.12,2026-08-11,SUCCESS,165.36,29.76,0.0,13890.0,,,,13890.0,MISSING_SETTLEMENT,14390.0,CRITICAL,1.174004907306434,0.0,100.0,0,-1,1,84.79,CRITICAL,75.26,HIGH
TXN001380,ORD001380,CUST00384,14080.28,2026-08-20,SUCCESS,157.4,28.33,0.0,13894.55,,,,13894.55,MISSING_SETTLEMENT,14394.55,CRITICAL,1.1178754967940978,0.0,100.0,0,-1,1,84.49,CRITICAL,75.09,HIGH
TXN001496,ORD001496,CUST00052,12722.54,2026-08-18,SUCCESS,152.91,27.52,0.0,12542.11,,,,12542.11,MISSING_SETTLEMENT,13042.11,CRITICAL,1.2018826429313643,0.0,100.0,0,-1,1,84.25,CRITICAL,72.65,HIGH
TXN001632,ORD001632,CUST00595,12231.04,2026-08-11,SUCCESS,294.25,52.96,0.0,11883.83,,,,11883.83,MISSING_SETTLEMENT,12383.83,CRITICAL,2.4057643503741297,0.0,100.0,0,-1,1,85.03,CRITICAL,72.01,HIGH
TXN000302,ORD000302,CUST00296,11034.92,2026-08-15,SUCCESS,197.59,35.57,0.0,10801.76,,,,10801.76,MISSING_SETTLEMENT,11301.76,CRITICAL,1.7905884229337414,0.0,100.0,0,-1,1,78.8,HIGH,66.44,HIGH
TXN000514,ORD000514,CUST00091,10974.12,2026-08-04,SUCCESS,199.94,35.99,0.0,10738.19,,,,10738.19,MISSING_SETTLEMENT,11238.19,CRITICAL,1.8219228512172274,0.0,100.0,0,-1,1,78.51,HIGH,66.15,HIGH
TXN000707,ORD000707,CUST00631,10511.56,2026-08-06,SUCCESS,222.76,40.1,0.0,10248.7,,,,10248.7,MISSING_SETTLEMENT,10748.7,CRITICAL,2.119190681497323,0.0,100.0,0,-1,1,79.45,HIGH,65.89,HIGH
TXN000078,ORD000078,CUST00363,10647.11,2026-08-15,SUCCESS,206.32,37.14,0.0,10403.65,,,,10403.65,MISSING_SETTLEMENT,10903.65,CRITICAL,1.937802840395187,0.0,100.0,0,-1,1,78.47,HIGH,65.56,HIGH
TXN001037,ORD001037,CUST00524,9772.74,2026-08-20,SUCCESS,103.6,18.65,0.0,9650.49,,,,9650.49,MISSING_SETTLEMENT,10150.49,CRITICAL,1.0600916426713491,0.0,100.0,0,-1,1,79.16,HIGH,64.7,HIGH
TXN000827,ORD000827,CUST00023,9959.12,2026-08-01,SUCCESS,201.45,36.26,0.0,9721.41,,,,9721.41,MISSING_SETTLEMENT,10221.41,CRITICAL,2.0227690799990357,0.0,100.0,0,-1,1,77.11,HIGH,63.59,HIGH
TXN001978,ORD001978,CUST00591,9600.5,2026-08-25,SUCCESS,208.26,37.49,0.0,9354.75,,,,9354.75,MISSING_SETTLEMENT,9854.75,CRITICAL,2.1692620176032498,0.0,100.0,0,-1,1,77.83,HIGH,63.4,HIGH
TXN001711,ORD001711,CUST00431,9322.4,2026-08-02,SUCCESS,161.79,29.12,0.0,9131.49,,,,9131.49,MISSING_SETTLEMENT,9631.49,CRITICAL,1.7354972968334332,0.0,100.0,0,-1,1,75.83,HIGH,61.82,HIGH
TXN001011,ORD001011,CUST00495,8772.68,2026-08-04,SUCCESS,204.37,36.79,0.0,8531.52,,,,8531.52,MISSING_SETTLEMENT,9031.52,CRITICAL,2.329618771002704,0.0,100.0,0,-1,1,76.99,HIGH,61.5,HIGH
