settlement_id,transaction_id,settled_amount,settlement_date
SET000001,TXN000001,2833.7,2026-08-26
SET000002,TXN000002,3524.94,2026-08-08
SET000003,TXN000003,16622.75,2026-08-19
SET000004,TXN000004,14537.32,2026-08-03
SET000005,TXN000005,2390.48,2026-08-09
SET000006,TXN000006,14753.58,2026-08-20
SET000007,TXN000007,17709.65,2026-08-25
SET000008,TXN000008,10364.7,2026-08-16
SET000009,TXN000009,6821.19,2026-08-04
SET000010,TXN000010,17086.67,2026-08-12
SET000011,TXN000011,3854.97,2026-08-26
SET000012,TXN000012,2593.12,2026-08-15
SET000013,TXN000013,8908.6,2026-08-14
SET000014,TXN000014,6602.35,2026-08-05
SET000015,TXN000015,13098.54,2026-08-16
SET000016,TXN000016,13633.49,2026-08-23
SET000017,TXN000017,21739.86,2026-08-15
SET000018,TXN000018,4764.75,2026-08-05
SET000019,TXN000019,16119.95,2026-08-27
SET000020,TXN000020,20132.53,2026-08-10
SET000021,TXN000021,7559.95,2026-08-16
SET000022,TXN000022,20272.57,2026-08-09
SET000023,TXN000023,8693.93,2026-08-25
SET000024,TXN000024,17097.69,2026-08-25
SET000025,TXN000025,1828.5,2026-08-22
SET000026,TXN000026,13238.7,2026-08-09
SET000027,TXN000027,11330.7,2026-08-10
SET000028,TXN000028,16997.91,2026-08-09
SET000029,TXN000029,20670.2,2026-08-27
SET000030,TXN000030,5732.49,2026-08-03
SET000031,TXN000031,9343.54,2026-08-04
SET000032,TXN000032,22350.14,2026-08-20
SET000033,TXN000033,5311.29,2026-08-19
SET000034,TXN000034,21662.55,2026-08-23
SET000035,TXN000035,3597.59,2026-08-06
SET000036,TXN000036,17977.79,2026-08-21
SET000037,TXN000037,18238.36,2026-08-16
SET000038,TXN000038,9901.41,2026-08-11
SET000039,TXN000039,12478.16,2026-08-05
SET000040,TXN000040,21031.85,2026-08-08
SET000041,TXN000041,3993.22,2026-08-25
SET000042,TXN000042,14598.57,2026-08-14
SET000043,TXN000043,14749.86,2026-08-16
SET000044,TXN000044,6265.99,2026-08-19
SET000045,TXN000046,21560.94,2026-08-27
SET000046,TXN000047,18800.67,2026-08-12
SET000047,TXN000048,7313.77,2026-08-07
SET000048,TXN000049,176.59,2026-08-27
SET000049,TXN000050,24009.68,2026-08-27
SET000050,TXN000051,12503.28,2026-08-06
SET000051,TXN000052,5862.26,2026-08-24
SET000052,TXN000053,14853.05,2026-08-07
SET000053,TXN000054,18638.3,2026-08-19
SET000054,TXN000055,22348.04,2026-08-21
SET000055,TXN000056,12117.4,2026-08-05
SET000056,TXN000057,21383.34,2026-08-27
SET000057,TXN000058,5921.14,2026-08-10
SET000058,TXN000059,23302.74,2026-08-05
SET000059,TXN000060,20040.45,2026-08-27
SET000060,TXN000061,18611.72,2026-08-08
SET000061,TXN000062,11772.66,2026-08-19
SET000062,TXN000063,6583.44,2026-08-21
SET000063,TXN000064,23458.18,2026-08-19
SET000064,TXN000065,17473.8,2026-08-14
SET000065,TXN000066,16036.11,2026-08-17
SET000066,TXN000067,11107.65,2026-08-09
SET000067,TXN000068,1320.45,2026-08-04
SET000068,TXN000069,0.0,2026-08-22
SET000069,TXN000070,275.65,2026-08-26
SET000070,TXN000071,1540.63,2026-08-05
SET000071,TXN000072,21049.65,2026-08-05
SET000072,TXN000073,5919.62,2026-08-23
SET000073,TXN000074,4712.47,2026-08-07
SET000074,TXN000075,14237.04,2026-08-09
SET000075,TXN000076,19844.21,2026-08-09
SET000076,TXN000077,2468.27,2026-08-16
SET000077,TXN000079,16597.23,2026-08-24
SET000078,TXN000080,1562.4,2026-08-25
SET000079,TXN000081,14622.02,2026-08-06
SET000080,TXN000082,4743.13,2026-08-19
SET000081,TXN000083,3508.4,2026-08-07
SET000082,TXN000084,11301.62,2026-08-04
SET000083,TXN000085,19662.5,2026-08-21
SET000084,TXN000086,0.0,2026-08-20
SET000085,TXN000087,23389.07,2026-08-27
SET000086,TXN000089,5331.44,2026-08-15
SET000087,TXN000090,4138.63,2026-08-04
SET000088,TXN000091,5800.15,2026-08-28
SET000089,TXN000092,7033.97,2026-08-24
SET000090,TXN000093,16359.18,2026-08-17
SET000091,TXN000094,4738.82,2026-08-10
SET000092,TXN000095,14103.33,2026-08-21
SET000093,TXN000096,18300.66,2026-08-03
SET000094,TXN000098,3956.46,2026-08-19
SET000095,TXN000099,20956.5,2026-08-04
SET000096,TXN000100,1766.23,2026-08-09
SET000097,TXN000101,2995.77,2026-08-20
SET000098,TXN000102,14110.08,2026-08-03
SET000099,TXN000103,2103.64,2026-08-23
SET000100,TXN000104,13870.85,2026-08-14
SET000101,TXN000105,5105.88,2026-08-26
SET000102,TXN000106,5957.15,2026-08-16
SET000103,TXN000107,16465.33,2026-08-13
SET000104,TXN000108,7765.83,2026-08-28
SET000105,TXN000109,322.97,2026-08-22
SET000106,TXN000110,24472.75,2026-08-04
SET000107,TXN000111,390.04,2026-08-11
SET000108,TXN000112,22846.39,2026-08-05
SET000109,TXN000113,8071.33,2026-08-09
SET000110,TXN000114,20246.46,2026-08-24
SET000111,TXN000115,14885.09,2026-08-29
SET000112,TXN000116,13079.93,2026-08-23
SET000113,TXN000117,7340.63,2026-08-24
SET000114,TXN000118,14387.16,2026-08-06
SET000115,TXN000119,2922.36,2026-08-06
SET000116,TXN000120,3884.63,2026-08-11
SET000117,TXN000121,5191.87,2026-08-13
SET000118,TXN000122,16979.42,2026-08-11
SET000119,TXN000123,12050.78,2026-08-04
SET000120,TXN000124,15458.67,2026-08-11
SET000121,TXN000125,183.64,2026-08-26
SET000122,TXN000126,15559.46,2026-08-11
SET000123,TXN000127,18048.6,2026-08-20
SET000124,TXN000128,13797.5,2026-08-06
SET000125,TXN000129,23180.89,2026-08-24
SET000126,TXN000130,13416.41,2026-08-15
SET000127,TXN000131,13465.31,2026-08-16
SET000128,TXN000132,1110.0,2026-08-14
SET000129,TXN000133,21846.53,2026-08-10
SET000130,TXN000134,6208.2,2026-08-05
SET000131,TXN000135,19025.24,2026-08-17
SET000132,TXN000136,18505.14,2026-08-10
SET000133,TXN000137,24039.71,2026-08-29
SET000134,TXN000138,21489.57,2026-08-03
SET000135,TXN000139,18023.12,2026-08-14
SET000136,TXN000140,18275.53,2026-08-25
SET000137,TXN000141,6596.21,2026-08-27
SET000138,TXN000142,9472.37,2026-08-05
SET000139,TXN000144,7514.72,2026-08-28
SET000140,TXN000145,5548.19,2026-08-25
SET000141,TXN000146,9781.48,2026-08-10
SET000142,TXN000147,23686.32,2026-08-11
SET000143,TXN000148,15740.33,2026-08-15
SET000144,TXN000149,23978.6,2026-08-21
SET000145,TXN000150,20181.9,2026-08-06
SET000146,TXN000151,4462.6,2026-08-10
SET000147,TXN000152,2723.97,2026-08-16
SET000148,TXN000153,17866.86,2026-08-12
SET000149,TXN000154,14978.32,2026-08-18
SET000150,TXN000155,9543.86,2026-08-22
SET000151,TXN000156,5349.48,2026-08-26
SET000152,TXN000157,138.51,2026-08-27
SET000153,TXN000158,16995.18,2026-08-25
SET000154,TXN000159,4923.18,2026-08-16
SET000155,TXN000160,23273.53,2026-08-12
SET000156,TXN000161,7719.06,2026-08-05
SET000157,TXN000162,12354.54,2026-08-24
SET000158,TXN000163,8014.65,2026-08-25
SET000159,TXN000164,1349.99,2026-08-09
SET000160,TXN000165,16186.85,2026-08-14
SET000161,TXN000166,18180.82,2026-08-09
SET000162,TXN000167,13883.29,2026-08-15
SET000163,TXN000168,20432.72,2026-08-11
SET000164,TXN000169,5239.94,2026-08-28
SET000165,TXN000170,14903.29,2026-08-13
SET000166,TXN000171,10920.99,2026-08-24
SET000167,TXN000172,12584.93,2026-08-29
SET000168,TXN000173,16298.4,2026-08-12
SET000169,TXN000174,16217.28,2026-08-21
SET000170,TXN000175,2380.39,2026-08-27
SET000171,TXN000176,16560.42,2026-08-10
SET000172,TXN000177,3683.84,2026-08-04
SET000173,TXN000178,23986.45,2026-08-22
SET000174,TXN000179,11184.64,2026-08-24
SET000175,TXN000180,4837.19,2026-08-26
SET000176,TXN000181,9652.85,2026-08-11
SET000177,TXN000182,16012.98,2026-08-02
SET000178,TXN000183,19073.23,2026-08-11
SET000179,TXN000184,19724.04,2026-08-26
SET000180,TXN000185,11358.83,2026-08-21
SET000181,TXN000186,22657.02,2026-08-07
SET000182,TXN000187,3319.5,2026-08-18
SET000183,TXN000188,13045.6,2026-08-21
SET000184,TXN000189,7850.29,2026-08-26
SET000185,TXN000190,14974.04,2026-08-26
SET000186,TXN000191,10493.39,2026-08-20
SET000187,TXN000192,21970.67,2026-08-25
SET000188,TXN000193,11047.1,2026-08-28
SET000189,TXN000194,20746.31,2026-08-12
SET000190,TXN000195,11960.21,2026-08-10
SET000191,TXN000196,10844.54,2026-08-24
SET000192,TXN000197,5836.8,2026-08-14
SET000193,TXN000198,21745.6,2026-08-04
SET000194,TXN000199,2634.71,2026-08-14
SET000195,TXN000200,17348.82,2026-08-06
SET000196,TXN000201,10017.06,2026-08-21
SET000197,TXN000202,10319.35,2026-08-09
SET000198,TXN000203,9592.7,2026-08-26
SET000199,TXN000204,23318.23,2026-08-04
SET000200,TXN000205,9317.96,2026-08-03
SET000201,TXN000206,7386.3,2026-08-14
SET000202,TXN000207,13169.67,2026-08-26
SET000203,TXN000208,19740.42,2026-08-09
SET000204,TXN000209,5421.27,2026-08-17
SET000205,TXN000210,799.36,2026-08-13
SET000206,TXN000211,16600.31,2026-08-15
SET000207,TXN000212,20730.09,2026-08-07
SET000208,TXN000213,13143.48,2026-08-15
SET000209,TXN000214,13873.39,2026-08-02
SET000210,TXN000215,15863.44,2026-08-07
SET000211,TXN000216,4522.15,2026-08-12
SET000212,TXN000217,8049.64,2026-08-17
SET000213,TXN000218,6408.43,2026-08-16
SET000214,TXN000219,2909.03,2026-08-16
SET000215,TXN000220,20550.33,2026-08-19
SET000216,TXN000221,18299.87,2026-08-03
SET000217,TXN000222,5524.82,2026-08-04
SET000218,TXN000223,1073.87,2026-08-02
SET000219,TXN000224,4939.93,2026-08-03
SET000220,TXN000225,789.53,2026-08-08
SET000221,TXN000226,16537.77,2026-08-22
SET000222,TXN000227,11448.64,2026-08-11
SET000223,TXN000228,4199.99,2026-08-21
SET000224,TXN000229,6044.15,2026-08-08
SET000225,TXN000230,2739.74,2026-08-03
SET000226,TXN000231,14064.83,2026-08-14
SET000227,TXN000232,23051.6,2026-08-09
SET000228,TXN000233,14418.57,2026-08-23
SET000229,TXN000234,2588.55,2026-08-27
SET000230,TXN000235,20877.98,2026-08-23
SET000231,TXN000236,19419.97,2026-08-22
SET000232,TXN000237,8500.97,2026-08-16
SET000233,TXN000238,9123.79,2026-08-20
SET000234,TXN000239,8394.87,2026-08-17
SET000235,TXN000240,1728.79,2026-08-14
SET000236,TXN000241,21694.15,2026-08-16
SET000237,TXN000242,10779.85,2026-08-26
SET000238,TXN000243,23414.45,2026-08-11
SET000239,TXN000244,19835.31,2026-08-21
SET000240,TXN000245,11473.63,2026-08-27
SET000241,TXN000246,6610.72,2026-08-09
SET000242,TXN000247,6906.53,2026-08-17
SET000243,TXN000248,18356.87,2026-08-21
SET000244,TXN000249,16505.56,2026-08-14
SET000245,TXN000250,12232.92,2026-08-12
SET000246,TXN000251,12051.61,2026-08-15
SET000247,TXN000252,8378.77,2026-08-23
SET000248,TXN000253,13712.27,2026-08-20
SET000249,TXN000254,2187.31,2026-08-26
SET000250,TXN000255,7016.1,2026-08-27
SET000251,TXN000256,16925.69,2026-08-24
SET000252,TXN000257,11125.54,2026-08-04
SET000253,TXN000258,7222.8,2026-08-16
SET000254,TXN000259,7600.85,2026-08-22
SET000255,TXN000260,11620.09,2026-08-20
SET000256,TXN000261,10478.78,2026-08-26
SET000257,TXN000262,8177.8,2026-08-24
SET000258,TXN000265,3027.28,2026-08-19
SET000259,TXN000267,6825.8,2026-08-20
SET000260,TXN000268,14635.92,2026-08-05
SET000261,TXN000269,7279.1,2026-08-13
SET000262,TXN000270,7529.87,2026-08-26
SET000263,TXN000271,3205.02,2026-08-04
SET000264,TXN000272,13554.39,2026-08-26
SET000265,TXN000273,8820.5,2026-08-27
SET000266,TXN000274,2582.99,2026-08-02
SET000267,TXN000275,7010.55,2026-08-18
SET000268,TXN000276,2467.79,2026-08-05
SET000269,TXN000277,22914.34,2026-08-17
SET000270,TXN000278,19992.83,2026-08-16
SET000271,TXN000279,1920.01,2026-08-22
SET000272,TXN000280,3803.62,2026-08-29
SET000273,TXN000281,23378.3,2026-08-04
SET000274,TXN000282,2977.18,2026-08-26
SET000275,TXN000283,14853.6,2026-08-28
SET000276,TXN000284,5582.12,2026-08-18
SET000277,TXN000285,11065.08,2026-08-17
SET000278,TXN000286,20964.38,2026-08-16
SET000279,TXN000287,14045.83,2026-08-05
SET000280,TXN000288,23529.95,2026-08-07
SET000281,TXN000289,15329.71,2026-08-11
SET000282,TXN000290,2061.56,2026-08-10
SET000283,TXN000291,13658.42,2026-08-07
SET000284,TXN000292,10096.46,2026-08-24
SET000285,TXN000293,11584.59,2026-08-05
SET000286,TXN000294,7139.2,2026-08-11
SET000287,TXN000295,1848.05,2026-08-10
SET000288,TXN000296,19335.13,2026-08-23
SET000289,TXN000297,16206.63,2026-08-10
SET000290,TXN000298,2907.7,2026-08-09
SET000291,TXN000299,3755.81,2026-08-11
SET000292,TXN000300,1832.85,2026-08-07
SET000293,TXN000301,14668.13,2026-08-22
SET000294,TXN000303,17153.86,2026-08-10
SET000295,TXN000304,13218.87,2026-08-17
SET000296,TXN000305,1164.93,2026-08-15
SET000297,TXN000307,5656.86,2026-08-23
SET000298,TXN000308,14381.8,2026-08-02
SET000299,TXN000309,19951.72,2026-08-21
SET000300,TXN000310,18712.49,2026-08-07
SET000301,TXN000311,12709.81,2026-08-18
SET000302,TXN000312,4488.22,2026-08-21
SET000303,TXN000313,15440.77,2026-08-18
SET000304,TXN000314,11603.98,2026-08-16
SET000305,TXN000315,7911.6,2026-08-06
SET000306,TXN000316,8167.47,2026-08-26
SET000307,TXN000317,7123.09,2026-08-16
SET000308,TXN000318,983.94,2026-08-05
SET000309,TXN000319,6269.4,2026-08-07
SET000310,TXN000320,21331.29,2026-08-02
SET000311,TXN000321,21274.06,2026-08-17
SET000312,TXN000322,1419.24,2026-08-19
SET000313,TXN000323,15244.95,2026-08-19
SET000314,TXN000324,10878.94,2026-08-04
SET000315,TXN000325,6648.56,2026-08-08
SET000316,TXN000326,10760.43,2026-08-24
SET000317,TXN000327,3047.48,2026-08-23
SET000318,TXN000328,19420.17,2026-08-24
SET000319,TXN000329,7744.98,2026-08-02
SET000320,TXN000330,10133.56,2026-08-10
SET000321,TXN000331,11324.97,2026-08-06
SET000322,TXN000332,20531.23,2026-08-19
SET000323,TXN000333,12428.51,2026-08-12
SET000324,TXN000334,20342.62,2026-08-17
SET000325,TXN000335,11135.7,2026-08-07
SET000326,TXN000336,4753.5,2026-08-21
SET000327,TXN000337,18351.84,2026-08-06
SET000328,TXN000338,5166.27,2026-08-28
SET000329,TXN000339,8365.23,2026-08-28
SET000330,TXN000340,6671.57,2026-08-03
SET000331,TXN000341,17899.42,2026-08-22
SET000332,TXN000342,24553.51,2026-08-18
SET000333,TXN000343,10929.73,2026-08-18
SET000334,TXN000344,8233.26,2026-08-28
SET000335,TXN000345,9295.39,2026-08-13
SET000336,TXN000346,1903.81,2026-08-11
SET000337,TXN000347,9521.22,2026-08-28
SET000338,TXN000348,1158.41,2026-08-27
SET000339,TXN000349,17345.07,2026-08-29
SET000340,TXN000350,9474.2,2026-08-25
SET000341,TXN000351,23965.63,2026-08-18
SET000342,TXN000352,3203.59,2026-08-21
SET000343,TXN000353,21431.19,2026-08-16
SET000344,TXN000354,12963.27,2026-08-17
SET000345,TXN000355,17283.03,2026-08-15
SET000346,TXN000356,23677.08,2026-08-04
SET000347,TXN000357,19011.99,2026-08-12
SET000348,TXN000358,15214.44,2026-08-16
SET000349,TXN000361,15347.58,2026-08-28
SET000350,TXN000362,21220.27,2026-08-04
SET000351,TXN000363,1765.26,2026-08-23
SET000352,TXN000364,23646.91,2026-08-27
SET000353,TXN000365,9623.17,2026-08-05
SET000354,TXN000366,17289.73,2026-08-06
SET000355,TXN000367,4136.66,2026-08-12
SET000356,TXN000368,1212.08,2026-08-28
SET000357,TXN000369,7278.25,2026-08-15
SET000358,TXN000370,3632.95,2026-08-19
SET000359,TXN000371,13944.9,2026-08-28
SET000360,TXN000372,4240.37,2026-08-05
SET000361,TXN000373,21446.56,2026-08-23
SET000362,TXN000374,5950.75,2026-08-20
SET000363,TXN000375,5728.86,2026-08-24
SET000364,TXN000376,11225.65,2026-08-23
SET000365,TXN000377,21962.26,2026-08-16
SET000366,TXN000378,16480.95,2026-08-09
SET000367,TXN000379,10913.01,2026-08-13
SET000368,TXN000380,7455.7,2026-08-15
SET000369,TXN000381,11140.02,2026-08-12
SET000370,TXN000382,24412.52,2026-08-19
SET000371,TXN000383,5845.99,2026-08-22
SET000372,TXN000384,14097.09,2026-08-25
SET000373,TXN000385,634.22,2026-08-23
SET000374,TXN000386,6779.67,2026-08-21
SET000375,TXN000387,22157.1,2026-08-26
SET000376,TXN000388,20314.62,2026-08-12
SET000377,TXN000389,14846.43,2026-08-13
SET000378,TXN000390,5892.8,2026-08-23
SET000379,TXN000391,16766.51,2026-08-25
SET000380,TXN000392,16727.14,2026-08-06
SET000381,TXN000393,2467.48,2026-08-23
SET000382,TXN000394,1064.31,2026-08-29
SET000383,TXN000395,912.35,2026-08-15
SET000384,TXN000396,2277.2,2026-08-12
SET000385,TXN000397,3298.84,2026-08-08
SET000386,TXN000398,3332.63,2026-08-21
SET000387,TXN000399,13134.61,2026-08-10
SET000388,TXN000400,6331.59,2026-08-18
SET000389,TXN000401,18211.5,2026-08-13
SET000390,TXN000402,11432.53,2026-08-04
SET000391,TXN000403,18507.32,2026-08-11
SET000392,TXN000404,17911.03,2026-08-16
SET000393,TXN000405,956.51,2026-08-28
SET000394,TXN000406,217.04,2026-08-19
SET000395,TXN000407,11250.9,2026-08-24
SET000396,TXN000408,6441.26,2026-08-14
SET000397,TXN000409,22930.99,2026-08-06
SET000398,TXN000410,5797.4,2026-08-04
SET000399,TXN000411,21552.86,2026-08-21
SET000400,TXN000412,22561.71,2026-08-10
SET000401,TXN000413,1628.52,2026-08-18
SET000402,TXN000414,15837.43,2026-08-07
SET000403,TXN000415,1194.22,2026-08-03
SET000404,TXN000416,24306.55,2026-08-06
SET000405,TXN000417,5862.39,2026-08-20
SET000406,TXN000418,9536.51,2026-08-15
SET000407,TXN000419,23266.44,2026-08-25
SET000408,TXN000420,10278.84,2026-08-26
SET000409,TXN000421,21680.71,2026-08-24
SET000410,TXN000422,17427.15,2026-08-23
SET000411,TXN000423,22817.81,2026-08-10
SET000412,TXN000424,16873.75,2026-08-08
SET000413,TXN000425,10923.56,2026-08-09
SET000414,TXN000427,13383.18,2026-08-23
SET000415,TXN000429,23699.63,2026-08-17
SET000416,TXN000430,16213.36,2026-08-22
SET000417,TXN000431,14709.51,2026-08-02
SET000418,TXN000432,19257.54,2026-08-09
SET000419,TXN000433,19354.52,2026-08-10
SET000420,TXN000434,20189.61,2026-08-20
SET000421,TXN000435,13962.35,2026-08-09
SET000422,TXN000436,18451.49,2026-08-28
SET000423,TXN000437,79.34,2026-08-06
SET000424,TXN000438,13314.9,2026-08-29
SET000425,TXN000439,2781.54,2026-08-04
SET000426,TXN000440,463.49,2026-08-28
SET000427,TXN000441,14549.23,2026-08-02
SET000428,TXN000442,6596.01,2026-08-06
SET000429,TXN000443,13040.21,2026-08-25
SET000430,TXN000444,11685.55,2026-08-28
SET000431,TXN000445,12610.46,2026-08-05
SET000432,TXN000446,12450.12,2026-08-22
SET000433,TXN000447,17880.59,2026-08-25
SET000434,TXN000448,7477.9,2026-08-23
SET000435,TXN000449,1591.46,2026-08-17
SET000436,TXN000450,10454.21,2026-08-07
SET000437,TXN000451,17538.85,2026-08-16
SET000438,TXN000452,22128.87,2026-08-12
SET000439,TXN000453,3743.96,2026-08-07
SET000440,TXN000454,15291.06,2026-08-21
SET000441,TXN000455,17515.26,2026-08-14
SET000442,TXN000456,13049.28,2026-08-18
SET000443,TXN000457,14961.13,2026-08-07
SET000444,TXN000458,20905.03,2026-08-24
SET000445,TXN000459,17620.13,2026-08-09
SET000446,TXN000460,11188.6,2026-08-09
SET000447,TXN000461,8430.5,2026-08-17
SET000448,TXN000462,4836.52,2026-08-05
SET000449,TXN000463,10565.87,2026-08-24
SET000450,TXN000464,9209.55,2026-08-06
SET000451,TXN000465,1732.13,2026-08-04
SET000452,TXN000466,360.82,2026-08-25
SET000453,TXN000467,19821.92,2026-08-20
SET000454,TXN000468,14369.1,2026-08-20
SET000455,TXN000469,8164.2,2026-08-06
SET000456,TXN000470,8670.68,2026-08-23
SET000457,TXN000471,21185.23,2026-08-26
SET000458,TXN000472,23639.9,2026-08-23
SET000459,TXN000473,8667.86,2026-08-20
SET000460,TXN000474,5240.5,2026-08-23
SET000461,TXN000475,1191.07,2026-08-07
SET000462,TXN000476,20725.9,2026-08-14
SET000463,TXN000477,18819.1,2026-08-22
SET000464,TXN000478,19670.83,2026-08-20
SET000465,TXN000479,14946.18,2026-08-23
SET000466,TXN000481,804.62,2026-08-12
SET000467,TXN000482,22495.13,2026-08-15
SET000468,TXN000483,4504.48,2026-08-08
SET000469,TXN000484,16137.9,2026-08-05
SET000470,TXN000485,18255.17,2026-08-04
SET000471,TXN000486,18383.79,2026-08-08
SET000472,TXN000487,10268.44,2026-08-12
SET000473,TXN000488,9102.7,2026-08-25
SET000474,TXN000489,18899.62,2026-08-20
SET000475,TXN000490,2173.92,2026-08-05
SET000476,TXN000491,3922.3,2026-08-22
SET000477,TXN000492,16483.85,2026-08-12
SET000478,TXN000493,16155.09,2026-08-18
SET000479,TXN000494,10802.37,2026-08-11
SET000480,TXN000495,18523.47,2026-08-07
SET000481,TXN000496,10671.57,2026-08-12
SET000482,TXN000497,4369.68,2026-08-19
SET000483,TXN000498,16410.45,2026-08-05
SET000484,TXN000499,4485.45,2026-08-22
SET000485,TXN000500,287.09,2026-08-12
SET000486,TXN000501,18719.28,2026-08-27
SET000487,TXN000502,7142.83,2026-08-05
SET000488,TXN000503,12309.41,2026-08-17
SET000489,TXN000504,3271.54,2026-08-21
SET000490,TXN000505,12226.66,2026-08-24
SET000491,TXN000506,1845.6,2026-08-26
SET000492,TXN000507,10769.29,2026-08-16
SET000493,TXN000508,21064.14,2026-08-22
SET000494,TXN000509,12168.11,2026-08-26
SET000495,TXN000510,10277.65,2026-08-06
SET000496,TXN000511,607.62,2026-08-14
SET000497,TXN000512,19669.55,2026-08-22
SET000498,TXN000513,20343.03,2026-08-14
SET000499,TXN000515,10134.21,2026-08-16
SET000500,TXN000516,2020.04,2026-08-12
SET000501,TXN000517,5516.98,2026-08-27
SET000502,TXN000518,1949.39,2026-08-22
SET000503,TXN000519,12722.92,2026-08-09
SET000504,TXN000520,4048.88,2026-08-24
SET000505,TXN000521,5866.39,2026-08-08
SET000506,TXN000522,4883.08,2026-08-21
SET000507,TXN000523,18621.41,2026-08-22
SET000508,TXN000524,2846.39,2026-08-26
SET000509,TXN000525,12111.67,2026-08-26
SET000510,TXN000526,18770.27,2026-08-16
SET000511,TXN000527,22457.93,2026-08-21
SET000512,TXN000528,15569.3,2026-08-23
SET000513,TXN000529,21178.42,2026-08-23
SET000514,TXN000530,3772.87,2026-08-04
SET000515,TXN000531,10888.83,2026-08-12
SET000516,TXN000532,14505.73,2026-08-13
SET000517,TXN000533,1896.04,2026-08-18
SET000518,TXN000534,1020.96,2026-08-15
SET000519,TXN000535,1952.86,2026-08-04
SET000520,TXN000536,14698.5,2026-08-15
SET000521,TXN000537,14350.5,2026-08-28
SET000522,TXN000538,11002.25,2026-08-28
SET000523,TXN000539,15915.08,2026-08-14
SET000524,TXN000540,11722.13,2026-08-06
SET000525,TXN000541,11085.45,2026-08-28
SET000526,TXN000542,23984.58,2026-08-06
SET000527,TXN000543,15971.59,2026-08-04
SET000528,TXN000544,17254.44,2026-08-18
SET000529,TXN000545,12755.67,2026-08-08
SET000530,TXN000546,9123.25,2026-08-12
SET000531,TXN000547,10041.35,2026-08-13
SET000532,TXN000548,14810.45,2026-08-29
SET000533,TXN000550,1599.24,2026-08-23
SET000534,TXN000551,7023.12,2026-08-27
SET000535,TXN000552,23662.81,2026-08-21
SET000536,TXN000553,8215.65,2026-08-21
SET000537,TXN000554,3566.29,2026-08-15
SET000538,TXN000555,23618.27,2026-08-25
SET000539,TXN000556,8405.0,2026-08-21
SET000540,TXN000557,7637.63,2026-08-14
SET000541,TXN000558,19258.35,2026-08-08
SET000542,TXN000559,17297.93,2026-08-25
SET000543,TXN000560,2357.82,2026-08-24
SET000544,TXN000561,12512.58,2026-08-04
SET000545,TXN000562,7563.35,2026-08-10
SET000546,TXN000563,23272.92,2026-08-18
SET000547,TXN000564,5664.1,2026-08-08
SET000548,TXN000565,1997.27,2026-08-27
SET000549,TXN000566,329.46,2026-08-21
SET000550,TXN000567,1020.2,2026-08-14
SET000551,TXN000568,3315.84,2026-08-16
SET000552,TXN000569,4069.55,2026-08-24
SET000553,TXN000570,19873.99,2026-08-08
SET000554,TXN000571,1162.38,2026-08-15
SET000555,TXN000572,17788.12,2026-08-16
SET000556,TXN000573,7020.25,2026-08-26
SET000557,TXN000574,5770.64,2026-08-09
SET000558,TXN000575,23704.95,2026-08-29
SET000559,TXN000576,21997.52,2026-08-08
SET000560,TXN000577,16529.04,2026-08-20
SET000561,TXN000578,11410.71,2026-08-11
SET000562,TXN000579,8843.54,2026-08-15
SET000563,TXN000580,20056.75,2026-08-28
SET000564,TXN000582,3497.83,2026-08-14
SET000565,TXN000583,22659.89,2026-08-25
SET000566,TXN000584,20837.3,2026-08-11
SET000567,TXN000585,12444.48,2026-08-12
SET000568,TXN000586,22184.63,2026-08-08
SET000569,TXN000587,2347.6,2026-08-11
SET000570,TXN000588,21715.55,2026-08-03
SET000571,TXN000589,1385.93,2026-08-18
SET000572,TXN000590,5811.64,2026-08-06
SET000573,TXN000591,5608.33,2026-08-12
SET000574,TXN000592,20377.06,2026-08-24
SET000575,TXN000593,19336.78,2026-08-07
SET000576,TXN000594,7140.62,2026-08-18
SET000577,TXN000595,18746.88,2026-08-19
SET000578,TXN000596,15235.9,2026-08-06
SET000579,TXN000597,6313.49,2026-08-07
SET000580,TXN000598,23031.65,2026-08-21
SET000581,TXN000599,6173.19,2026-08-27
SET000582,TXN000600,5840.77,2026-08-06
SET000583,TXN000601,5956.85,2026-08-24
SET000584,TXN000602,11216.11,2026-08-07
SET000585,TXN000603,14672.18,2026-08-04
SET000586,TXN000604,12675.87,2026-08-11
SET000587,TXN000605,7163.23,2026-08-02
SET000588,TXN000606,8685.22,2026-08-21
SET000589,TXN000607,4672.01,2026-08-24
SET000590,TXN000608,11230.34,2026-08-14
SET000591,TXN000609,23343.49,2026-08-19
SET000592,TXN000610,19257.11,2026-08-20
SET000593,TXN000611,464.1,2026-08-19
SET000594,TXN000612,15640.08,2026-08-15
SET000595,TXN000613,18425.9,2026-08-15
SET000596,TXN000614,8490.15,2026-08-27
SET000597,TXN000615,15396.77,2026-08-27
SET000598,TXN000616,4848.25,2026-08-12
SET000599,TXN000617,1184.7,2026-08-21
SET000600,TXN000618,19935.39,2026-08-08
SET000601,TXN000619,24054.72,2026-08-19
SET000602,TXN000620,4539.14,2026-08-07
SET000603,TXN000621,17601.49,2026-08-16
SET000604,TXN000622,7191.08,2026-08-05
SET000605,TXN000623,21671.93,2026-08-14
SET000606,TXN000624,12619.09,2026-08-21
SET000607,TXN000625,3464.34,2026-08-28
SET000608,TXN000626,4759.74,2026-08-15
SET000609,TXN000627,21138.11,2026-08-12
SET000610,TXN000628,1860.79,2026-08-13
SET000611,TXN000629,21697.7,2026-08-27
SET000612,TXN000630,21722.87,2026-08-16
SET000613,TXN000631,23634.56,2026-08-17
SET000614,TXN000632,9010.35,2026-08-29
SET000615,TXN000633,6606.32,2026-08-04
SET000616,TXN000634,2038.05,2026-08-21
SET000617,TXN000635,13305.35,2026-08-13
SET000618,TXN000636,2065.74,2026-08-24
SET000619,TXN000637,1309.47,2026-08-21
SET000620,TXN000638,4143.52,2026-08-16
SET000621,TXN000639,9760.1,2026-08-26
SET000622,TXN000640,15206.66,2026-08-17
SET000623,TXN000641,15654.0,2026-08-27
SET000624,TXN000642,1917.49,2026-08-23
SET000625,TXN000643,8987.93,2026-08-28
SET000626,TXN000644,4031.67,2026-08-04
SET000627,TXN000645,20852.23,2026-08-23
SET000628,TXN000646,941.77,2026-08-05
SET000629,TXN000647,11679.34,2026-08-14
SET000630,TXN000648,9431.99,2026-08-22
SET000631,TXN000649,14861.92,2026-08-25
SET000632,TXN000650,23137.59,2026-08-13
SET000633,TXN000651,18733.08,2026-08-20
SET000634,TXN000652,12900.96,2026-08-16
SET000635,TXN000653,15852.09,2026-08-09
SET000636,TXN000654,732.63,2026-08-07
SET000637,TXN000655,12830.44,2026-08-20
SET000638,TXN000656,6432.04,2026-08-10
SET000639,TXN000657,5306.38,2026-08-23
SET000640,TXN000658,6040.23,2026-08-19
SET000641,TXN000659,3084.99,2026-08-05
SET000642,TXN000660,1894.78,2026-08-24
SET000643,TXN000661,24428.83,2026-08-28
SET000644,TXN000662,23834.4,2026-08-13
SET000645,TXN000663,8639.64,2026-08-06
SET000646,TXN000664,13201.18,2026-08-11
SET000647,TXN000665,17358.53,2026-08-26
SET000648,TXN000666,4333.53,2026-08-13
SET000649,TXN000667,5587.7,2026-08-08
SET000650,TXN000668,5915.23,2026-08-18
SET000651,TXN000669,8897.79,2026-08-21
SET000652,TXN000670,11423.0,2026-08-21
SET000653,TXN000671,15081.1,2026-08-04
SET000654,TXN000672,7690.99,2026-08-25
SET000655,TXN000673,12968.58,2026-08-27
SET000656,TXN000674,20045.25,2026-08-05
SET000657,TXN000675,24019.27,2026-08-22
SET000658,TXN000676,11148.65,2026-08-23
SET000659,TXN000677,8549.2,2026-08-26
SET000660,TXN000678,15673.79,2026-08-09
SET000661,TXN000679,10714.82,2026-08-04
SET000662,TXN000680,12744.55,2026-08-13
SET000663,TXN000681,2795.7,2026-08-24
SET000664,TXN000682,5951.72,2026-08-19
SET000665,TXN000683,20651.51,2026-08-10
SET000666,TXN000684,15588.56,2026-08-20
SET000667,TXN000685,3133.27,2026-08-11
SET000668,TXN000686,13021.47,2026-08-20
SET000669,TXN000687,4222.21,2026-08-21
SET000670,TXN000688,4304.9,2026-08-23
SET000671,TXN000689,8384.51,2026-08-20
SET000672,TXN000690,20063.4,2026-08-02
SET000673,TXN000691,1214.1,2026-08-24
SET000674,TXN000692,6552.26,2026-08-10
SET000675,TXN000693,10165.24,2026-08-22
SET000676,TXN000694,10595.34,2026-08-22
SET000677,TXN000695,7195.73,2026-08-13
SET000678,TXN000696,6076.04,2026-08-27
SET000679,TXN000697,7332.82,2026-08-05
SET000680,TXN000698,3973.51,2026-08-16
SET000681,TXN000699,11375.34,2026-08-12
SET000682,TXN000700,2334.86,2026-08-26
SET000683,TXN000701,17955.71,2026-08-14
SET000684,TXN000702,3271.6,2026-08-13
SET000685,TXN000704,10359.12,2026-08-10
SET000686,TXN000705,6154.89,2026-08-06
SET000687,TXN000706,7200.75,2026-08-16
SET000688,TXN000708,2715.38,2026-08-26
SET000689,TXN000709,4724.42,2026-08-09
SET000690,TXN000710,6766.99,2026-08-18
SET000691,TXN000711,21454.89,2026-08-17
SET000692,TXN000712,2294.9,2026-08-14
SET000693,TXN000713,11320.01,2026-08-10
SET000694,TXN000714,14227.41,2026-08-04
SET000695,TXN000715,7020.43,2026-08-21
SET000696,TXN000716,16370.52,2026-08-11
SET000697,TXN000717,297.63,2026-08-05
SET000698,TXN000718,3353.19,2026-08-12
SET000699,TXN000719,18568.93,2026-08-13
SET000700,TXN000720,9833.83,2026-08-20
SET000701,TXN000721,4884.96,2026-08-19
SET000702,TXN000722,1162.81,2026-08-19
SET000703,TXN000723,18102.48,2026-08-12
SET000704,TXN000724,12632.95,2026-08-06
SET000705,TXN000725,23905.55,2026-08-15
SET000706,TXN000726,19334.95,2026-08-12
SET000707,TXN000727,22846.03,2026-08-26
SET000708,TXN000728,4966.9,2026-08-20
SET000709,TXN000729,12344.48,2026-08-05
SET000710,TXN000730,3464.66,2026-08-13
SET000711,TXN000731,12726.68,2026-08-06
SET000712,TXN000732,21920.72,2026-08-07
SET000713,TXN000733,7455.25,2026-08-14
SET000714,TXN000734,9636.88,2026-08-23
SET000715,TXN000735,14514.66,2026-08-19
SET000716,TXN000736,13058.5,2026-08-26
SET000717,TXN000737,7449.42,2026-08-02
SET000718,TXN000738,1387.22,2026-08-06
SET000719,TXN000739,14282.69,2026-08-29
SET000720,TXN000740,752.06,2026-08-17
SET000721,TXN000741,23660.36,2026-08-27
SET000722,TXN000742,14139.73,2026-08-27
SET000723,TXN000743,14241.73,2026-08-09
SET000724,TXN000744,15573.39,2026-08-21
SET000725,TXN000745,3728.48,2026-08-23
SET000726,TXN000746,444.88,2026-08-25
SET000727,TXN000747,2049.62,2026-08-17
SET000728,TXN000748,10362.51,2026-08-15
SET000729,TXN000749,10144.9,2026-08-26
SET000730,TXN000750,22670.65,2026-08-27
SET000731,TXN000751,17457.84,2026-08-18
SET000732,TXN000752,12580.81,2026-08-24
SET000733,TXN000753,12809.79,2026-08-13
SET000734,TXN000754,11275.2,2026-08-19
SET000735,TXN000755,13337.89,2026-08-24
SET000736,TXN000756,15657.03,2026-08-25
SET000737,TXN000757,14937.78,2026-08-10
SET000738,TXN000758,6875.78,2026-08-13
SET000739,TXN000759,23215.19,2026-08-11
SET000740,TXN000760,17176.15,2026-08-25
SET000741,TXN000761,7881.6,2026-08-14
SET000742,TXN000762,15854.25,2026-08-29
SET000743,TXN000763,7064.49,2026-08-20
SET000744,TXN000764,13328.15,2026-08-16
SET000745,TXN000765,23179.47,2026-08-28
SET000746,TXN000766,7129.46,2026-08-13
SET000747,TXN000767,8514.08,2026-08-16
SET000748,TXN000768,6379.84,2026-08-19
SET000749,TXN000769,5028.52,2026-08-20
SET000750,TXN000770,22670.36,2026-08-26
SET000751,TXN000771,3436.81,2026-08-23
SET000752,TXN000772,5887.69,2026-08-05
SET000753,TXN000773,22261.2,2026-08-10
SET000754,TXN000774,5783.47,2026-08-05
SET000755,TXN000775,8092.98,2026-08-17
SET000756,TXN000776,16627.85,2026-08-08
SET000757,TXN000777,23693.89,2026-08-07
SET000758,TXN000778,16117.12,2026-08-19
SET000759,TXN000779,16084.75,2026-08-28
SET000760,TXN000780,7890.16,2026-08-24
SET000761,TXN000781,22285.83,2026-08-05
SET000762,TXN000782,14141.29,2026-08-21
SET000763,TXN000783,22545.64,2026-08-09
SET000764,TXN000785,24518.62,2026-08-16
SET000765,TXN000786,4646.28,2026-08-26
SET000766,TXN000787,21481.24,2026-08-03
SET000767,TXN000788,13840.11,2026-08-06
SET000768,TXN000790,12356.53,2026-08-08
SET000769,TXN000791,11512.66,2026-08-08
SET000770,TXN000792,8214.46,2026-08-27
SET000771,TXN000793,15829.64,2026-08-25
SET000772,TXN000794,443.64,2026-08-14
SET000773,TXN000795,13907.62,2026-08-26
SET000774,TXN000796,3743.89,2026-08-23
SET000775,TXN000797,20185.87,2026-08-19
SET000776,TXN000798,2228.97,2026-08-24
SET000777,TXN000799,4639.51,2026-08-08
SET000778,TXN000800,7978.92,2026-08-11
SET000779,TXN000801,6486.5,2026-08-09
SET000780,TXN000802,18496.98,2026-08-12
SET000781,TXN000803,14199.23,2026-08-22
SET000782,TXN000804,6517.22,2026-08-15
SET000783,TXN000805,1608.8,2026-08-07
SET000784,TXN000806,7520.35,2026-08-14
SET000785,TXN000807,22541.37,2026-08-25
SET000786,TXN000808,17002.69,2026-08-22
SET000787,TXN000809,9028.03,2026-08-10
SET000788,TXN000810,14426.68,2026-08-17
SET000789,TXN000811,11177.87,2026-08-22
SET000790,TXN000812,10235.82,2026-08-21
SET000791,TXN000813,18418.94,2026-08-29
SET000792,TXN000814,20234.36,2026-08-26
SET000793,TXN000815,16707.92,2026-08-22
SET000794,TXN000816,12832.56,2026-08-20
SET000795,TXN000817,1992.37,2026-08-22
SET000796,TXN000818,1595.69,2026-08-20
SET000797,TXN000819,5024.04,2026-08-20
SET000798,TXN000820,4147.21,2026-08-19
SET000799,TXN000821,2908.48,2026-08-09
SET000800,TXN000822,11949.34,2026-08-19
SET000801,TXN000823,19824.98,2026-08-17
SET000802,TXN000824,12598.57,2026-08-16
SET000803,TXN000825,1494.06,2026-08-17
SET000804,TXN000826,19825.65,2026-08-27
SET000805,TXN000828,14226.04,2026-08-04
SET000806,TXN000829,8479.23,2026-08-06
SET000807,TXN000830,24138.61,2026-08-06
SET000808,TXN000831,878.27,2026-08-15
SET000809,TXN000832,18838.14,2026-08-28
SET000810,TXN000833,22639.07,2026-08-23
SET000811,TXN000834,9299.46,2026-08-16
SET000812,TXN000835,21319.88,2026-08-14
SET000813,TXN000836,2044.99,2026-08-23
SET000814,TXN000837,3332.08,2026-08-15
SET000815,TXN000838,4476.16,2026-08-21
SET000816,TXN000839,13102.38,2026-08-27
SET000817,TXN000840,20498.57,2026-08-28
SET000818,TXN000841,24093.03,2026-08-18
SET000819,TXN000842,2638.19,2026-08-17
SET000820,TXN000843,9279.92,2026-08-10
SET000821,TXN000844,11303.9,2026-08-08
SET000822,TXN000845,4706.12,2026-08-25
SET000823,TXN000846,890.21,2026-08-24
SET000824,TXN000847,15057.12,2026-08-03
SET000825,TXN000848,5101.61,2026-08-05
SET000826,TXN000849,922.68,2026-08-22
SET000827,TXN000850,17343.82,2026-08-04
SET000828,TXN000851,3126.47,2026-08-15
SET000829,TXN000852,5802.72,2026-08-08
SET000830,TXN000853,3515.95,2026-08-13
SET000831,TXN000854,20149.44,2026-08-25
SET000832,TXN000855,7868.89,2026-08-22
SET000833,TXN000856,20124.55,2026-08-09
SET000834,TXN000857,21453.04,2026-08-23
SET000835,TXN000858,5455.08,2026-08-12
SET000836,TXN000859,1585.9,2026-08-22
SET000837,TXN000860,15225.61,2026-08-16
SET000838,TXN000861,12286.0,2026-08-14
SET000839,TXN000862,16601.32,2026-08-27
SET000840,TXN000863,7829.6,2026-08-17
SET000841,TXN000864,3767.6,2026-08-16
SET000842,TXN000865,18622.61,2026-08-17
SET000843,TXN000866,20694.31,2026-08-12
SET000844,TXN000868,10169.05,2026-08-16
SET000845,TXN000869,12980.31,2026-08-16
SET000846,TXN000870,6273.49,2026-08-14
SET000847,TXN000871,2038.98,2026-08-16
SET000848,TXN000872,619.38,2026-08-25
SET000849,TXN000873,1344.3,2026-08-14
SET000850,TXN000874,14974.9,2026-08-05
SET000851,TXN000875,90.91,2026-08-27
SET000852,TXN000876,17711.33,2026-08-20
SET000853,TXN000877,11794.49,2026-08-12
SET000854,TXN000878,23258.58,2026-08-02
SET000855,TXN000879,19584.43,2026-08-26
SET000856,TXN000880,18244.57,2026-08-28
SET000857,TXN000881,22546.88,2026-08-26
SET000858,TXN000882,16227.9,2026-08-15
SET000859,TXN000883,13671.14,2026-08-27
SET000860,TXN000884,9413.35,2026-08-21
SET000861,TXN000885,8811.74,2026-08-11
SET000862,TXN000886,12613.36,2026-08-19
SET000863,TXN000887,2517.46,2026-08-25
SET000864,TXN000888,346.04,2026-08-14
SET000865,TXN000889,9085.39,2026-08-17
SET000866,TXN000890,13913.86,2026-08-09
SET000867,TXN000891,493.5,2026-08-20
SET000868,TXN000892,14143.92,2026-08-16
SET000869,TXN000893,3833.87,2026-08-13
SET000870,TXN000894,9309.14,2026-08-11
SET000871,TXN000895,13543.84,2026-08-23
SET000872,TXN000896,6337.18,2026-08-18
SET000873,TXN000897,17975.51,2026-08-18
SET000874,TXN000898,17909.25,2026-08-15
SET000875,TXN000899,3522.09,2026-08-20
SET000876,TXN000900,4546.65,2026-08-20
SET000877,TXN000901,17941.4,2026-08-18
SET000878,TXN000902,11051.79,2026-08-04
SET000879,TXN000903,1273.21,2026-08-04
SET000880,TXN000904,3432.5,2026-08-24
SET000881,TXN000905,1747.01,2026-08-08
SET000882,TXN000906,5422.46,2026-08-18
SET000883,TXN000907,1576.74,2026-08-23
SET000884,TXN000908,23028.71,2026-08-17
SET000885,TXN000909,12072.43,2026-08-03
SET000886,TXN000910,13570.99,2026-08-02
SET000887,TXN000911,12962.07,2026-08-11
SET000888,TXN000912,23911.46,2026-08-02
SET000889,TXN000913,19949.53,2026-08-25
SET000890,TXN000914,19605.0,2026-08-07
SET000891,TXN000915,22671.96,2026-08-20
SET000892,TXN000916,6017.34,2026-08-21
SET000893,TXN000917,6214.1,2026-08-13
SET000894,TXN000918,19443.5,2026-08-06
SET000895,TXN000919,23373.31,2026-08-16
SET000896,TXN000921,7414.81,2026-08-04
SET000897,TXN000922,24497.36,2026-08-23
SET000898,TXN000923,2391.79,2026-08-16
SET000899,TXN000924,13676.82,2026-08-04
SET000900,TXN000925,327.49,2026-08-08
SET000901,TXN000926,12201.46,2026-08-15
SET000902,TXN000927,19254.7,2026-08-20
SET000903,TXN000928,21796.38,2026-08-04
SET000904,TXN000929,5227.62,2026-08-24
SET000905,TXN000930,11652.75,2026-08-04
SET000906,TXN000931,16877.45,2026-08-10
SET000907,TXN000932,13804.61,2026-08-03
SET000908,TXN000933,22737.17,2026-08-12
SET000909,TXN000934,23581.57,2026-08-21
SET000910,TXN000935,18296.26,2026-08-25
SET000911,TXN000936,22703.87,2026-08-13
SET000912,TXN000937,13966.26,2026-08-22
SET000913,TXN000938,16704.03,2026-08-21
SET000914,TXN000939,9458.36,2026-08-25
SET000915,TXN000940,19217.19,2026-08-26
SET000916,TXN000941,9834.53,2026-08-14
SET000917,TXN000942,2467.42,2026-08-11
SET000918,TXN000943,8426.68,2026-08-28
SET000919,TXN000944,22604.0,2026-08-14
SET000920,TXN000945,824.3,2026-08-12
SET000921,TXN000946,12145.08,2026-08-13
SET000922,TXN000947,23035.9,2026-08-16
SET000923,TXN000948,4451.36,2026-08-24
SET000924,TXN000949,2193.12,2026-08-23
SET000925,TXN000950,19466.85,2026-08-24
SET000926,TXN000951,2097.0,2026-08-06
SET000927,TXN000952,17541.31,2026-08-24
SET000928,TXN000953,18046.43,2026-08-12
SET000929,TXN000954,2129.03,2026-08-03
SET000930,TXN000955,10987.4,2026-08-26
SET000931,TXN000956,2605.27,2026-08-04
SET000932,TXN000957,10550.86,2026-08-20
SET000933,TXN000958,12552.06,2026-08-07
SET000934,TXN000959,880.08,2026-08-21
SET000935,TXN000960,14661.2,2026-08-29
SET000936,TXN000961,21284.19,2026-08-02
SET000937,TXN000962,10157.7,2026-08-26
SET000938,TXN000963,17920.61,2026-08-21
SET000939,TXN000964,14008.87,2026-08-09
SET000940,TXN000965,4247.81,2026-08-11
SET000941,TXN000966,5359.12,2026-08-07
SET000942,TXN000967,4187.93,2026-08-10
SET000943,TXN000968,7366.78,2026-08-28
SET000944,TXN000969,8862.68,2026-08-10
SET000945,TXN000970,2491.62,2026-08-23
SET000946,TXN000971,11214.32,2026-08-06
SET000947,TXN000972,260.95,2026-08-15
SET000948,TXN000973,20742.16,2026-08-15
SET000949,TXN000974,10777.23,2026-08-17
SET000950,TXN000975,6627.25,2026-08-07
SET000951,TXN000976,7972.55,2026-08-25
SET000952,TXN000977,11694.88,2026-08-09
SET000953,TXN000978,23626.17,2026-08-12
SET000954,TXN000979,12051.32,2026-08-20
SET000955,TXN000980,8070.24,2026-08-11
SET000956,TXN000981,9048.14,2026-08-21
SET000957,TXN000982,14493.39,2026-08-20
SET000958,TXN000983,16774.73,2026-08-20
SET000959,TXN000984,23220.06,2026-08-17
SET000960,TXN000985,9675.91,2026-08-12
SET000961,TXN000986,20214.86,2026-08-27
SET000962,TXN000987,16438.1,2026-08-06
SET000963,TXN000988,7432.73,2026-08-11
SET000964,TXN000989,3865.52,2026-08-15
SET000965,TXN000990,1911.24,2026-08-23
SET000966,TXN000991,14303.93,2026-08-21
SET000967,TXN000992,22624.5,2026-08-24
SET000968,TXN000993,13260.92,2026-08-27
SET000969,TXN000994,17318.28,2026-08-27
SET000970,TXN000995,14465.98,2026-08-04
SET000971,TXN000996,18864.84,2026-08-24
SET000972,TXN000997,8772.94,2026-08-24
SET000973,TXN000998,1185.89,2026-08-22
SET000974,TXN000999,15806.26,2026-08-27
SET000975,TXN001000,23591.3,2026-08-15
SET000976,TXN001001,352.1,2026-08-11
SET000977,TXN001002,12618.74,2026-08-18
SET000978,TXN001003,14350.39,2026-08-20
SET000979,TXN001004,10930.51,2026-08-15
SET000980,TXN001005,19082.8,2026-08-22
SET000981,TXN001006,3798.76,2026-08-02
SET000982,TXN001007,2502.59,2026-08-17
SET000983,TXN001008,2930.58,2026-08-26
SET000984,TXN001009,8643.27,2026-08-12
SET000985,TXN001010,19277.34,2026-08-19
SET000986,TXN001012,17671.19,2026-08-18
SET000987,TXN001013,1726.95,2026-08-04
SET000988,TXN001014,647.08,2026-08-13
SET000989,TXN001015,2759.26,2026-08-27
SET000990,TXN001016,22910.71,2026-08-26
SET000991,TXN001017,12573.12,2026-08-19
SET000992,TXN001018,8116.97,2026-08-17
SET000993,TXN001019,899.15,2026-08-16
SET000994,TXN001020,4566.3,2026-08-22
SET000995,TXN001021,10637.96,2026-08-04
SET000996,TXN001022,14885.24,2026-08-16
SET000997,TXN001023,10555.43,2026-08-04
SET000998,TXN001024,5084.99,2026-08-26
SET000999,TXN001025,14233.61,2026-08-28
SET001000,TXN001026,4637.75,2026-08-13
SET001001,TXN001027,11207.64,2026-08-10
SET001002,TXN001028,21230.79,2026-08-19
SET001003,TXN001029,7764.71,2026-08-15
SET001004,TXN001030,9656.56,2026-08-07
SET001005,TXN001031,8619.89,2026-08-17
SET001006,TXN001032,4298.02,2026-08-23
SET001007,TXN001033,22643.51,2026-08-22
SET001008,TXN001034,16465.93,2026-08-13
SET001009,TXN001035,5968.65,2026-08-07
SET001010,TXN001036,9121.45,2026-08-07
SET001011,TXN001038,14122.53,2026-08-16
SET001012,TXN001039,11907.7,2026-08-21
SET001013,TXN001040,22985.81,2026-08-08
SET001014,TXN001041,4164.74,2026-08-11
SET001015,TXN001042,4662.23,2026-08-16
SET001016,TXN001043,1397.71,2026-08-14
SET001017,TXN001044,11846.33,2026-08-10
SET001018,TXN001045,23621.97,2026-08-18
SET001019,TXN001046,12225.25,2026-08-23
SET001020,TXN001047,10222.6,2026-08-16
SET001021,TXN001048,4213.35,2026-08-21
SET001022,TXN001049,19424.43,2026-08-09
SET001023,TXN001050,887.95,2026-08-11
SET001024,TXN001051,7184.77,2026-08-28
SET001025,TXN001052,13943.06,2026-08-28
SET001026,TXN001053,13467.42,2026-08-05
SET001027,TXN001054,2904.29,2026-08-27
SET001028,TXN001055,20181.72,2026-08-15
SET001029,TXN001056,20229.07,2026-08-03
SET001030,TXN001057,12307.29,2026-08-17
SET001031,TXN001058,17928.89,2026-08-22
SET001032,TXN001059,4041.24,2026-08-03
SET001033,TXN001060,6562.83,2026-08-05
SET001034,TXN001061,21216.04,2026-08-06
SET001035,TXN001062,5190.36,2026-08-25
SET001036,TXN001063,718.99,2026-08-26
SET001037,TXN001064,15555.13,2026-08-09
SET001038,TXN001065,3474.99,2026-08-10
SET001039,TXN001066,19785.49,2026-08-20
SET001040,TXN001067,13086.47,2026-08-21
SET001041,TXN001068,4193.82,2026-08-24
SET001042,TXN001069,7106.97,2026-08-12
SET001043,TXN001070,24317.09,2026-08-23
SET001044,TXN001071,3380.17,2026-08-26
SET001045,TXN001072,21876.96,2026-08-10
SET001046,TXN001073,3219.18,2026-08-08
SET001047,TXN001074,3669.1,2026-08-14
SET001048,TXN001075,2309.84,2026-08-24
SET001049,TXN001076,11936.77,2026-08-21
SET001050,TXN001077,6645.72,2026-08-16
SET001051,TXN001078,11060.94,2026-08-24
SET001052,TXN001079,9870.19,2026-08-26
SET001053,TXN001080,17167.89,2026-08-14
SET001054,TXN001081,23110.49,2026-08-12
SET001055,TXN001082,157.57,2026-08-28
SET001056,TXN001083,18066.51,2026-08-18
SET001057,TXN001084,16162.49,2026-08-14
SET001058,TXN001085,19439.64,2026-08-15
SET001059,TXN001086,23540.3,2026-08-08
SET001060,TXN001087,6693.16,2026-08-13
SET001061,TXN001088,1357.01,2026-08-06
SET001062,TXN001089,15013.51,2026-08-29
SET001063,TXN001090,21955.84,2026-08-26
SET001064,TXN001091,1225.44,2026-08-22
SET001065,TXN001092,494.45,2026-08-07
SET001066,TXN001093,11318.38,2026-08-15
SET001067,TXN001094,24286.51,2026-08-06
SET001068,TXN001095,7498.98,2026-08-10
SET001069,TXN001096,15920.9,2026-08-11
SET001070,TXN001097,9208.94,2026-08-24
SET001071,TXN001098,324.72,2026-08-22
SET001072,TXN001099,17808.67,2026-08-28
SET001073,TXN001100,10481.23,2026-08-04
SET001074,TXN001101,124.24,2026-08-17
SET001075,TXN001102,3306.26,2026-08-10
SET001076,TXN001103,16767.36,2026-08-03
SET001077,TXN001104,16985.09,2026-08-06
SET001078,TXN001105,17106.91,2026-08-18
SET001079,TXN001106,5696.11,2026-08-06
SET001080,TXN001107,2625.59,2026-08-15
SET001081,TXN001108,3430.73,2026-08-28
SET001082,TXN001109,15806.71,2026-08-25
SET001083,TXN001110,1780.15,2026-08-20
SET001084,TXN001111,15022.98,2026-08-07
SET001085,TXN001112,8664.09,2026-08-10
SET001086,TXN001113,18336.22,2026-08-16
SET001087,TXN001114,16955.24,2026-08-10
SET001088,TXN001115,21878.8,2026-08-08
SET001089,TXN001116,14428.53,2026-08-16
SET001090,TXN001117,23573.53,2026-08-12
SET001091,TXN001118,6163.46,2026-08-22
SET001092,TXN001119,3352.75,2026-08-21
SET001093,TXN001120,17588.63,2026-08-13
SET001094,TXN001121,20607.25,2026-08-23
SET001095,TXN001122,5079.39,2026-08-21
SET001096,TXN001123,4660.8,2026-08-14
SET001097,TXN001124,15979.79,2026-08-28
SET001098,TXN001125,12080.0,2026-08-06
SET001099,TXN001126,12290.02,2026-08-23
SET001100,TXN001127,13079.12,2026-08-02
SET001101,TXN001128,22707.94,2026-08-07
SET001102,TXN001129,21170.25,2026-08-22
SET001103,TXN001130,8934.47,2026-08-24
SET001104,TXN001131,14572.33,2026-08-27
SET001105,TXN001132,506.97,2026-08-06
SET001106,TXN001133,6468.41,2026-08-03
SET001107,TXN001134,23233.81,2026-08-15
SET001108,TXN001135,3053.15,2026-08-25
SET001109,TXN001136,18797.5,2026-08-16
SET001110,TXN001137,2103.15,2026-08-20
SET001111,TXN001138,15177.27,2026-08-12
SET001112,TXN001139,7590.3,2026-08-20
SET001113,TXN001140,23839.49,2026-08-06
SET001114,TXN001141,8119.65,2026-08-21
SET001115,TXN001142,18761.62,2026-08-23
SET001116,TXN001143,15797.8,2026-08-11
SET001117,TXN001144,17851.76,2026-08-09
SET001118,TXN001145,6082.61,2026-08-15
SET001119,TXN001146,656.49,2026-08-21
SET001120,TXN001147,7588.88,2026-08-26
SET001121,TXN001148,18247.34,2026-08-05
SET001122,TXN001149,17220.29,2026-08-25
SET001123,TXN001150,4082.42,2026-08-14
SET001124,TXN001151,12731.12,2026-08-27
SET001125,TXN001152,4181.32,2026-08-08
SET001126,TXN001153,17923.73,2026-08-07
SET001127,TXN001154,8293.4,2026-08-16
SET001128,TXN001155,12850.82,2026-08-12
SET001129,TXN001156,15346.05,2026-08-18
SET001130,TXN001157,12476.2,2026-08-05
SET001131,TXN001158,21074.96,2026-08-09
SET001132,TXN001159,3948.0,2026-08-28
SET001133,TXN001160,22051.11,2026-08-24
SET001134,TXN001161,5638.12,2026-08-20
SET001135,TXN001162,183.48,2026-08-04
SET001136,TXN001163,1224.53,2026-08-13
SET001137,TXN001164,22544.83,2026-08-09
SET001138,TXN001165,13464.46,2026-08-24
SET001139,TXN001166,10274.26,2026-08-12
SET001140,TXN001167,10332.54,2026-08-25
SET001141,TXN001168,6730.6,2026-08-04
SET001142,TXN001169,8204.01,2026-08-18
SET001143,TXN001170,22225.71,2026-08-09
SET001144,TXN001171,19561.28,2026-08-03
SET001145,TXN001172,1771.95,2026-08-18
SET001146,TXN001174,398.65,2026-08-17
SET001147,TXN001175,9038.56,2026-08-11
SET001148,TXN001176,19161.76,2026-08-27
SET001149,TXN001177,5995.46,2026-08-14
SET001150,TXN001178,23946.51,2026-08-28
SET001151,TXN001179,18044.72,2026-08-21
SET001152,TXN001180,3800.87,2026-08-15
SET001153,TXN001181,5798.92,2026-08-15
SET001154,TXN001182,20710.51,2026-08-03
SET001155,TXN001183,134.16,2026-08-24
SET001156,TXN001184,19968.32,2026-08-27
SET001157,TXN001185,2629.84,2026-08-18
SET001158,TXN001186,10422.39,2026-08-03
SET001159,TXN001187,17509.9,2026-08-06
SET001160,TXN001188,22627.64,2026-08-19
SET001161,TXN001189,17228.14,2026-08-15
SET001162,TXN001190,23846.05,2026-08-05
SET001163,TXN001191,2443.47,2026-08-06
SET001164,TXN001192,20165.46,2026-08-04
SET001165,TXN001193,13838.76,2026-08-17
SET001166,TXN001194,23651.92,2026-08-09
SET001167,TXN001195,6462.47,2026-08-12
SET001168,TXN001196,17295.84,2026-08-26
SET001169,TXN001197,7859.99,2026-08-12
SET001170,TXN001198,1925.49,2026-08-09
SET001171,TXN001199,19288.61,2026-08-22
SET001172,TXN001200,3870.99,2026-08-07
SET001173,TXN001201,11364.53,2026-08-17
SET001174,TXN001202,13207.04,2026-08-26
SET001175,TXN001203,11077.02,2026-08-17
SET001176,TXN001204,17423.03,2026-08-04
SET001177,TXN001205,19867.02,2026-08-12
SET001178,TXN001206,1072.73,2026-08-12
SET001179,TXN001207,2302.06,2026-08-09
SET001180,TXN001208,9747.67,2026-08-04
SET001181,TXN001209,7432.51,2026-08-08
SET001182,TXN001210,23288.1,2026-08-17
SET001183,TXN001211,18205.57,2026-08-10
SET001184,TXN001212,11377.13,2026-08-29
SET001185,TXN001213,3049.21,2026-08-05
SET001186,TXN001214,3271.77,2026-08-14
SET001187,TXN001215,15443.21,2026-08-23
SET001188,TXN001216,14391.55,2026-08-12
SET001189,TXN001217,628.97,2026-08-06
SET001190,TXN001218,16213.36,2026-08-18
SET001191,TXN001219,2345.08,2026-08-28
SET001192,TXN001220,3066.87,2026-08-18
SET001193,TXN001221,4198.58,2026-08-22
SET001194,TXN001222,20283.71,2026-08-15
SET001195,TXN001223,823.45,2026-08-23
SET001196,TXN001224,4300.97,2026-08-09
SET001197,TXN001225,6793.33,2026-08-16
SET001198,TXN001226,947.62,2026-08-23
SET001199,TXN001227,6043.63,2026-08-11
SET001200,TXN001228,10185.42,2026-08-20
SET001201,TXN001229,1598.64,2026-08-11
SET001202,TXN001230,3442.16,2026-08-08
SET001203,TXN001231,21692.28,2026-08-18
SET001204,TXN001232,15431.39,2026-08-27
SET001205,TXN001233,19626.18,2026-08-15
SET001206,TXN001234,11792.92,2026-08-29
SET001207,TXN001235,1803.83,2026-08-20
SET001208,TXN001236,2905.69,2026-08-11
SET001209,TXN001237,732.11,2026-08-23
SET001210,TXN001238,806.01,2026-08-27
SET001211,TXN001239,1515.46,2026-08-19
SET001212,TXN001240,3052.14,2026-08-22
SET001213,TXN001241,24000.98,2026-08-07
SET001214,TXN001242,16013.05,2026-08-10
SET001215,TXN001243,20050.85,2026-08-26
SET001216,TXN001244,18772.96,2026-08-10
SET001217,TXN001245,20821.38,2026-08-28
SET001218,TXN001246,7373.06,2026-08-07
SET001219,TXN001247,5815.8,2026-08-14
SET001220,TXN001248,22234.65,2026-08-03
SET001221,TXN001249,23377.88,2026-08-22
SET001222,TXN001250,13772.85,2026-08-08
SET001223,TXN001251,13331.51,2026-08-07
SET001224,TXN001252,1014.6,2026-08-05
SET001225,TXN001253,14688.91,2026-08-04
SET001226,TXN001254,6753.06,2026-08-14
SET001227,TXN001255,4983.12,2026-08-06
SET001228,TXN001256,17431.59,2026-08-27
SET001229,TXN001257,1552.39,2026-08-07
SET001230,TXN001258,17158.7,2026-08-06
SET001231,TXN001259,20875.16,2026-08-14
SET001232,TXN001260,9193.74,2026-08-24
SET001233,TXN001262,8006.94,2026-08-07
SET001234,TXN001263,19416.57,2026-08-17
SET001235,TXN001264,7783.11,2026-08-24
SET001236,TXN001265,16861.35,2026-08-23
SET001237,TXN001266,5585.21,2026-08-22
SET001238,TXN001267,9247.6,2026-08-26
SET001239,TXN001269,23407.73,2026-08-20
SET001240,TXN001270,20878.45,2026-08-28
SET001241,TXN001271,880.97,2026-08-21
SET001242,TXN001272,22593.05,2026-08-23
SET001243,TXN001273,15680.41,2026-08-06
SET001244,TXN001274,3514.23,2026-08-25
SET001245,TXN001275,5874.43,2026-08-13
SET001246,TXN001276,8952.35,2026-08-04
SET001247,TXN001277,2531.84,2026-08-13
SET001248,TXN001278,376.62,2026-08-10
SET001249,TXN001279,16985.04,2026-08-14
SET001250,TXN001280,19449.65,2026-08-27
SET001251,TXN001281,1264.54,2026-08-17
SET001252,TXN001282,23586.78,2026-08-17
SET001253,TXN001284,9241.17,2026-08-17
SET001254,TXN001285,15982.91,2026-08-24
SET001255,TXN001286,4099.21,2026-08-06
SET001256,TXN001287,7355.06,2026-08-14
SET001257,TXN001288,23404.95,2026-08-05
SET001258,TXN001289,4211.09,2026-08-16
SET001259,TXN001290,17839.57,2026-08-20
SET001260,TXN001291,8343.28,2026-08-21
SET001261,TXN001292,17229.83,2026-08-15
SET001262,TXN001293,4092.27,2026-08-17
SET001263,TXN001294,1406.03,2026-08-12
SET001264,TXN001295,23862.93,2026-08-16
SET001265,TXN001296,17645.31,2026-08-26
SET001266,TXN001297,5155.0,2026-08-12
SET001267,TXN001298,5931.26,2026-08-04
SET001268,TXN001299,14097.54,2026-08-17
SET001269,TXN001300,1414.32,2026-08-02
SET001270,TXN001301,2252.33,2026-08-25
SET001271,TXN001302,14669.29,2026-08-09
SET001272,TXN001303,724.45,2026-08-07
SET001273,TXN001304,7205.45,2026-08-04
SET001274,TXN001305,20536.3,2026-08-12
SET001275,TXN001306,11555.51,2026-08-23
SET001276,TXN001307,2321.39,2026-08-21
SET001277,TXN001308,4590.24,2026-08-14
SET001278,TXN001309,4679.88,2026-08-04
SET001279,TXN001310,10818.92,2026-08-10
SET001280,TXN001311,20482.88,2026-08-21
SET001281,TXN001312,3759.77,2026-08-25
SET001282,TXN001313,2471.07,2026-08-25
SET001283,TXN001314,19964.1,2026-08-15
SET001284,TXN001315,5664.42,2026-08-04
SET001285,TXN001316,19918.29,2026-08-16
SET001286,TXN001317,16963.67,2026-08-17
SET001287,TXN001318,21729.21,2026-08-18
SET001288,TXN001319,2031.63,2026-08-26
SET001289,TXN001320,12360.04,2026-08-18
SET001290,TXN001321,16496.39,2026-08-23
SET001291,TXN001322,3038.99,2026-08-27
SET001292,TXN001323,4330.11,2026-08-08
SET001293,TXN001324,19802.31,2026-08-06
SET001294,TXN001325,10340.08,2026-08-24
SET001295,TXN001326,5020.65,2026-08-24
SET001296,TXN001327,20339.92,2026-08-11
SET001297,TXN001328,22436.36,2026-08-29
SET001298,TXN001329,2236.44,2026-08-19
SET001299,TXN001330,13498.31,2026-08-10
SET001300,TXN001331,11261.56,2026-08-03
SET001301,TXN001333,2825.01,2026-08-08
SET001302,TXN001334,13611.92,2026-08-22
SET001303,TXN001335,21600.35,2026-08-20
SET001304,TXN001336,19194.44,2026-08-21
SET001305,TXN001337,21432.88,2026-08-12
SET001306,TXN001338,16182.82,2026-08-21
SET001307,TXN001339,11616.73,2026-08-08
SET001308,TXN001340,9866.79,2026-08-22
SET001309,TXN001341,16847.13,2026-08-14
SET001310,TXN001342,9746.46,2026-08-14
SET001311,TXN001343,1302.92,2026-08-19
SET001312,TXN001344,21978.77,2026-08-02
SET001313,TXN001345,20088.37,2026-08-11
SET001314,TXN001346,6882.93,2026-08-19
SET001315,TXN001347,23984.17,2026-08-09
SET001316,TXN001348,7471.75,2026-08-27
SET001317,TXN001349,19068.94,2026-08-14
SET001318,TXN001350,17970.94,2026-08-22
SET001319,TXN001351,2258.94,2026-08-16
SET001320,TXN001352,22326.87,2026-08-16
SET001321,TXN001353,18507.27,2026-08-15
SET001322,TXN001354,10644.16,2026-08-08
SET001323,TXN001355,7680.47,2026-08-18
SET001324,TXN001356,3402.71,2026-08-19
SET001325,TXN001357,800.14,2026-08-10
SET001326,TXN001358,20651.37,2026-08-09
SET001327,TXN001359,11236.83,2026-08-13
SET001328,TXN001360,6831.0,2026-08-17
SET001329,TXN001361,9721.35,2026-08-06
SET001330,TXN001362,836.78,2026-08-15
SET001331,TXN001363,14589.57,2026-08-08
SET001332,TXN001364,14458.56,2026-08-13
SET001333,TXN001365,4095.5,2026-08-10
SET001334,TXN001366,7009.19,2026-08-15
SET001335,TXN001368,20962.23,2026-08-23
SET001336,TXN001369,16544.89,2026-08-11
SET001337,TXN001370,10112.89,2026-08-04
SET001338,TXN001371,313.72,2026-08-08
SET001339,TXN001372,4358.38,2026-08-27
SET001340,TXN001373,5523.17,2026-08-23
SET001341,TXN001374,17566.4,2026-08-24
SET001342,TXN001375,6769.33,2026-08-16
SET001343,TXN001376,11363.96,2026-08-09
SET001344,TXN001377,7502.88,2026-08-20
SET001345,TXN001378,9849.07,2026-08-07
SET001346,TXN001379,12655.63,2026-08-25
SET001347,TXN001381,6967.13,2026-08-24
SET001348,TXN001382,11784.71,2026-08-12
SET001349,TXN001383,15839.33,2026-08-12
SET001350,TXN001384,16018.03,2026-08-24
SET001351,TXN001385,4669.43,2026-08-20
SET001352,TXN001386,22219.75,2026-08-28
SET001353,TXN001387,8729.53,2026-08-12
SET001354,TXN001388,3491.63,2026-08-04
SET001355,TXN001389,12223.8,2026-08-11
SET001356,TXN001390,22390.66,2026-08-16
SET001357,TXN001391,18188.16,2026-08-21
SET001358,TXN001392,20086.39,2026-08-13
SET001359,TXN001393,16966.34,2026-08-22
SET001360,TXN001394,22137.07,2026-08-25
SET001361,TXN001395,12411.85,2026-08-08
SET001362,TXN001396,2093.0,2026-08-08
SET001363,TXN001397,2459.25,2026-08-06
SET001364,TXN001398,17876.89,2026-08-20
SET001365,TXN001399,23021.3,2026-08-13
SET001366,TXN001400,2288.55,2026-08-14
SET001367,TXN001401,18295.06,2026-08-11
SET001368,TXN001402,19459.02,2026-08-12
SET001369,TXN001403,6411.55,2026-08-11
SET001370,TXN001404,20688.95,2026-08-17
SET001371,TXN001405,21053.48,2026-08-20
SET001372,TXN001406,23189.08,2026-08-06
SET001373,TXN001407,21920.97,2026-08-20
SET001374,TXN001408,21252.33,2026-08-14
SET001375,TXN001409,7343.13,2026-08-05
SET001376,TXN001410,3463.79,2026-08-09
SET001377,TXN001411,10063.62,2026-08-22
SET001378,TXN001412,3616.59,2026-08-26
SET001379,TXN001413,19066.1,2026-08-18
SET001380,TXN001414,15622.22,2026-08-09
SET001381,TXN001415,15650.35,2026-08-03
SET001382,TXN001416,6805.87,2026-08-27
SET001383,TXN001417,14206.77,2026-08-08
SET001384,TXN001418,19106.22,2026-08-26
SET001385,TXN001419,3251.42,2026-08-15
SET001386,TXN001420,10478.97,2026-08-16
SET001387,TXN001421,9513.93,2026-08-05
SET001388,TXN001422,4986.44,2026-08-13
SET001389,TXN001423,21848.58,2026-08-28
SET001390,TXN001424,4727.49,2026-08-24
SET001391,TXN001425,15417.32,2026-08-11
SET001392,TXN001427,3245.55,2026-08-16
SET001393,TXN001428,14333.58,2026-08-07
SET001394,TXN001429,20304.48,2026-08-13
SET001395,TXN001430,11245.5,2026-08-18
SET001396,TXN001431,2999.88,2026-08-15
SET001397,TXN001432,8499.42,2026-08-19
SET001398,TXN001433,18480.67,2026-08-07
SET001399,TXN001434,568.26,2026-08-09
SET001400,TXN001435,5202.02,2026-08-04
SET001401,TXN001436,12488.21,2026-08-07
SET001402,TXN001437,17561.75,2026-08-27
SET001403,TXN001438,9308.16,2026-08-24
SET001404,TXN001439,18815.87,2026-08-21
SET001405,TXN001440,14527.3,2026-08-05
SET001406,TXN001441,2731.55,2026-08-03
SET001407,TXN001442,17058.51,2026-08-15
SET001408,TXN001443,1.37,2026-08-19
SET001409,TXN001444,11747.51,2026-08-07
SET001410,TXN001445,17117.44,2026-08-24
SET001411,TXN001446,7427.41,2026-08-23
SET001412,TXN001447,16308.35,2026-08-11
SET001413,TXN001448,14738.88,2026-08-06
SET001414,TXN001449,13791.18,2026-08-06
SET001415,TXN001450,17608.46,2026-08-05
SET001416,TXN001451,2889.11,2026-08-07
SET001417,TXN001452,4910.35,2026-08-08
SET001418,TXN001453,20489.31,2026-08-10
SET001419,TXN001454,17386.01,2026-08-13
SET001420,TXN001455,1052.35,2026-08-18
SET001421,TXN001456,16887.77,2026-08-18
SET001422,TXN001457,5797.71,2026-08-04
SET001423,TXN001458,2281.49,2026-08-07
SET001424,TXN001459,16264.64,2026-08-08
SET001425,TXN001460,19110.2,2026-08-06
SET001426,TXN001462,11248.77,2026-08-13
SET001427,TXN001463,10150.67,2026-08-07
SET001428,TXN001464,21575.18,2026-08-12
SET001429,TXN001465,19772.13,2026-08-14
SET001430,TXN001466,18140.36,2026-08-06
SET001431,TXN001467,333.25,2026-08-06
SET001432,TXN001468,15994.72,2026-08-13
SET001433,TXN001469,7968.15,2026-08-23
SET001434,TXN001470,21334.42,2026-08-04
SET001435,TXN001471,20128.62,2026-08-08
SET001436,TXN001472,9786.44,2026-08-17
SET001437,TXN001473,20537.09,2026-08-24
SET001438,TXN001474,19570.48,2026-08-22
SET001439,TXN001475,2829.6,2026-08-25
SET001440,TXN001476,24198.16,2026-08-07
SET001441,TXN001477,10180.52,2026-08-22
SET001442,TXN001478,19581.78,2026-08-23
SET001443,TXN001479,4536.21,2026-08-15
SET001444,TXN001480,882.27,2026-08-24
SET001445,TXN001481,11860.63,2026-08-18
SET001446,TXN001482,21831.84,2026-08-18
SET001447,TXN001483,1633.85,2026-08-22
SET001448,TXN001484,153.46,2026-08-23
SET001449,TXN001485,18848.68,2026-08-20
SET001450,TXN001486,5562.42,2026-08-24
SET001451,TXN001487,12732.82,2026-08-26
SET001452,TXN001488,2424.67,2026-08-25
SET001453,TXN001489,11853.5,2026-08-25
SET001454,TXN001490,15802.0,2026-08-08
SET001455,TXN001491,21745.75,2026-08-22
SET001456,TXN001492,384.61,2026-08-09
SET001457,TXN001493,20891.43,2026-08-19
SET001458,TXN001494,1923.68,2026-08-18
SET001459,TXN001495,5958.43,2026-08-10
SET001460,TXN001497,9398.85,2026-08-10
SET001461,TXN001498,11384.6,2026-08-27
SET001462,TXN001499,11111.21,2026-08-19
SET001463,TXN001500,7780.22,2026-08-19
SET001464,TXN001501,526.72,2026-08-16
SET001465,TXN001502,973.79,2026-08-20
SET001466,TXN001503,20172.85,2026-08-29
SET001467,TXN001504,23733.68,2026-08-23
SET001468,TXN001505,21755.95,2026-08-20
SET001469,TXN001506,16177.97,2026-08-17
SET001470,TXN001507,44.92,2026-08-05
SET001471,TXN001508,20593.23,2026-08-13
SET001472,TXN001509,18721.04,2026-08-21
SET001473,TXN001510,17481.25,2026-08-13
SET001474,TXN001511,2894.0,2026-08-27
SET001475,TXN001512,5489.29,2026-08-12
SET001476,TXN001513,12644.98,2026-08-29
SET001477,TXN001514,13511.78,2026-08-15
SET001478,TXN001515,1217.7,2026-08-08
SET001479,TXN001516,3500.0,2026-08-26
SET001480,TXN001517,2704.0,2026-08-23
SET001481,TXN001518,4633.13,2026-08-16
SET001482,TXN001519,11338.56,2026-08-29
SET001483,TXN001520,17599.51,2026-08-07
SET001484,TXN001521,245.69,2026-08-23
SET001485,TXN001522,14486.98,2026-08-27
SET001486,TXN001523,11289.42,2026-08-22
SET001487,TXN001524,3388.71,2026-08-19
SET001488,TXN001525,13040.81,2026-08-03
SET001489,TXN001526,23099.58,2026-08-22
SET001490,TXN001527,22616.29,2026-08-27
SET001491,TXN001528,16857.95,2026-08-07
SET001492,TXN001529,2632.52,2026-08-25
SET001493,TXN001530,14824.24,2026-08-12
SET001494,TXN001531,21594.69,2026-08-16
SET001495,TXN001532,22581.35,2026-08-28
SET001496,TXN001533,6743.4,2026-08-13
SET001497,TXN001534,11143.47,2026-08-06
SET001498,TXN001535,10234.82,2026-08-24
SET001499,TXN001536,7363.82,2026-08-24
SET001500,TXN001537,21025.99,2026-08-24
SET001501,TXN001538,10249.45,2026-08-08
SET001502,TXN001539,15298.78,2026-08-13
SET001503,TXN001540,22571.77,2026-08-06
SET001504,TXN001541,23725.56,2026-08-07
SET001505,TXN001542,13325.42,2026-08-24
SET001506,TXN001543,17454.65,2026-08-27
SET001507,TXN001544,13810.92,2026-08-20
SET001508,TXN001545,22889.34,2026-08-24
SET001509,TXN001546,16504.95,2026-08-19
SET001510,TXN001547,4884.77,2026-08-16
SET001511,TXN001548,12734.21,2026-08-04
SET001512,TXN001549,3653.67,2026-08-23
SET001513,TXN001550,5015.12,2026-08-27
SET001514,TXN001551,24280.16,2026-08-23
SET001515,TXN001552,3646.37,2026-08-05
SET001516,TXN001553,5086.52,2026-08-20
SET001517,TXN001554,8806.0,2026-08-17
SET001518,TXN001555,15251.55,2026-08-25
SET001519,TXN001556,21037.94,2026-08-27
SET001520,TXN001557,13824.52,2026-08-11
SET001521,TXN001558,19363.8,2026-08-28
SET001522,TXN001559,5880.34,2026-08-04
SET001523,TXN001560,7504.81,2026-08-29
SET001524,TXN001561,23714.14,2026-08-04
SET001525,TXN001562,18179.8,2026-08-10
SET001526,TXN001563,6686.74,2026-08-17
SET001527,TXN001564,22265.52,2026-08-24
SET001528,TXN001565,9050.44,2026-08-21
SET001529,TXN001566,17971.35,2026-08-10
SET001530,TXN001567,7328.8,2026-08-07
SET001531,TXN001568,1920.67,2026-08-08
SET001532,TXN001569,1667.39,2026-08-03
SET001533,TXN001570,6964.25,2026-08-11
SET001534,TXN001571,4034.96,2026-08-12
SET001535,TXN001572,8164.74,2026-08-24
SET001536,TXN001573,1064.88,2026-08-12
SET001537,TXN001574,1336.45,2026-08-22
SET001538,TXN001575,20508.72,2026-08-12
SET001539,TXN001576,19442.15,2026-08-21
SET001540,TXN001577,1868.54,2026-08-26
SET001541,TXN001578,12889.59,2026-08-09
SET001542,TXN001579,1745.01,2026-08-20
SET001543,TXN001580,10263.38,2026-08-19
SET001544,TXN001581,2344.74,2026-08-10
SET001545,TXN001582,16252.55,2026-08-12
SET001546,TXN001583,7216.54,2026-08-26
SET001547,TXN001584,13128.8,2026-08-21
SET001548,TXN001585,311.63,2026-08-25
SET001549,TXN001586,10998.4,2026-08-23
SET001550,TXN001587,22497.79,2026-08-10
SET001551,TXN001588,16662.35,2026-08-13
SET001552,TXN001589,22498.76,2026-08-06
SET001553,TXN001590,6341.91,2026-08-26
SET001554,TXN001591,702.13,2026-08-19
SET001555,TXN001592,12654.41,2026-08-19
SET001556,TXN001593,11969.72,2026-08-12
SET001557,TXN001594,4762.43,2026-08-19
SET001558,TXN001596,5499.43,2026-08-22
SET001559,TXN001597,5234.63,2026-08-23
SET001560,TXN001598,21271.9,2026-08-15
SET001561,TXN001599,5152.96,2026-08-25
SET001562,TXN001601,157.8,2026-08-24
SET001563,TXN001602,1026.89,2026-08-05
SET001564,TXN001603,4418.93,2026-08-11
SET001565,TXN001605,9975.95,2026-08-17
SET001566,TXN001606,10033.69,2026-08-14
SET001567,TXN001607,9624.56,2026-08-05
SET001568,TXN001608,243.67,2026-08-26
SET001569,TXN001609,1631.11,2026-08-25
SET001570,TXN001610,1208.44,2026-08-04
SET001571,TXN001611,22848.37,2026-08-06
SET001572,TXN001612,19183.89,2026-08-13
SET001573,TXN001613,2201.39,2026-08-26
SET001574,TXN001614,9432.67,2026-08-24
SET001575,TXN001615,11592.43,2026-08-21
SET001576,TXN001616,3427.86,2026-08-15
SET001577,TXN001617,7285.96,2026-08-24
SET001578,TXN001618,7406.22,2026-08-27
SET001579,TXN001619,8633.5,2026-08-04
SET001580,TXN001620,21381.44,2026-08-07
SET001581,TXN001621,1117.55,2026-08-20
SET001582,TXN001622,2158.27,2026-08-19
SET001583,TXN001623,7571.54,2026-08-27
SET001584,TXN001624,5307.09,2026-08-22
SET001585,TXN001625,753.8,2026-08-09
SET001586,TXN001626,15041.92,2026-08-10
SET001587,TXN001627,2889.08,2026-08-24
SET001588,TXN001628,20989.09,2026-08-28
SET001589,TXN001629,11251.5,2026-08-21
SET001590,TXN001630,7154.28,2026-08-06
SET001591,TXN001631,2494.16,2026-08-27
SET001592,TXN001633,3222.66,2026-08-22
SET001593,TXN001634,2532.37,2026-08-23
SET001594,TXN001635,21940.82,2026-08-13
SET001595,TXN001636,11100.59,2026-08-22
SET001596,TXN001637,7543.05,2026-08-21
SET001597,TXN001638,13857.56,2026-08-13
SET001598,TXN001639,23466.17,2026-08-08
SET001599,TXN001640,7754.91,2026-08-28
SET001600,TXN001641,17576.69,2026-08-24
SET001601,TXN001642,6888.24,2026-08-14
SET001602,TXN001643,16614.23,2026-08-14
SET001603,TXN001644,11425.96,2026-08-13
SET001604,TXN001645,11987.11,2026-08-06
SET001605,TXN001646,15892.15,2026-08-05
SET001606,TXN001647,20912.81,2026-08-08
SET001607,TXN001648,4926.57,2026-08-27
SET001608,TXN001649,1973.04,2026-08-06
SET001609,TXN001650,20848.75,2026-08-22
SET001610,TXN001651,19798.37,2026-08-21
SET001611,TXN001652,18805.74,2026-08-09
SET001612,TXN001653,13608.65,2026-08-20
SET001613,TXN001654,11589.34,2026-08-28
SET001614,TXN001655,9034.06,2026-08-09
SET001615,TXN001656,18103.84,2026-08-11
SET001616,TXN001657,11493.69,2026-08-20
SET001617,TXN001658,1281.28,2026-08-18
SET001618,TXN001659,16161.73,2026-08-28
SET001619,TXN001660,16792.65,2026-08-26
SET001620,TXN001661,3517.18,2026-08-09
SET001621,TXN001662,13925.08,2026-08-21
SET001622,TXN001663,21310.39,2026-08-08
SET001623,TXN001664,23192.95,2026-08-04
SET001624,TXN001665,18781.98,2026-08-11
SET001625,TXN001666,6587.5,2026-08-10
SET001626,TXN001667,16473.56,2026-08-20
SET001627,TXN001668,9509.44,2026-08-17
SET001628,TXN001669,1067.98,2026-08-23
SET001629,TXN001670,2630.47,2026-08-18
SET001630,TXN001671,20200.03,2026-08-26
SET001631,TXN001673,9285.45,2026-08-15
SET001632,TXN001674,14554.16,2026-08-04
SET001633,TXN001675,6192.56,2026-08-10
SET001634,TXN001676,10069.89,2026-08-15
SET001635,TXN001677,19391.86,2026-08-23
SET001636,TXN001678,12253.78,2026-08-08
SET001637,TXN001679,4106.42,2026-08-04
SET001638,TXN001680,7484.82,2026-08-08
SET001639,TXN001681,4667.27,2026-08-13
SET001640,TXN001682,17539.9,2026-08-07
SET001641,TXN001683,5757.43,2026-08-27
SET001642,TXN001684,17520.5,2026-08-19
SET001643,TXN001685,11726.5,2026-08-08
SET001644,TXN001686,4056.23,2026-08-16
SET001645,TXN001687,524.48,2026-08-08
SET001646,TXN001688,14481.19,2026-08-07
SET001647,TXN001689,12500.57,2026-08-21
SET001648,TXN001690,1460.81,2026-08-10
SET001649,TXN001691,12621.15,2026-08-14
SET001650,TXN001692,23540.85,2026-08-23
SET001651,TXN001693,21353.23,2026-08-26
SET001652,TXN001695,10975.3,2026-08-19
SET001653,TXN001696,4277.49,2026-08-15
SET001654,TXN001697,3602.51,2026-08-21
SET001655,TXN001698,15210.68,2026-08-19
SET001656,TXN001699,4200.89,2026-08-23
SET001657,TXN001700,22555.81,2026-08-21
SET001658,TXN001701,1780.27,2026-08-16
SET001659,TXN001702,3307.15,2026-08-02
SET001660,TXN001703,12905.98,2026-08-18
SET001661,TXN001704,20281.38,2026-08-22
SET001662,TXN001705,4452.96,2026-08-22
SET001663,TXN001706,1056.03,2026-08-28
SET001664,TXN001707,12266.96,2026-08-05
SET001665,TXN001708,11870.75,2026-08-08
SET001666,TXN001709,13307.69,2026-08-03
SET001667,TXN001710,15904.21,2026-08-19
SET001668,TXN001712,10582.29,2026-08-28
SET001669,TXN001713,19194.95,2026-08-14
SET001670,TXN001714,14510.32,2026-08-26
SET001671,TXN001715,1331.45,2026-08-07
SET001672,TXN001716,11694.67,2026-08-11
SET001673,TXN001717,6946.96,2026-08-21
SET001674,TXN001718,6340.94,2026-08-04
SET001675,TXN001719,14080.53,2026-08-06
SET001676,TXN001721,16803.93,2026-08-14
SET001677,TXN001722,8880.31,2026-08-07
SET001678,TXN001723,14839.15,2026-08-10
SET001679,TXN001724,20770.53,2026-08-15
SET001680,TXN001725,8997.23,2026-08-10
SET001681,TXN001726,9729.76,2026-08-08
SET001682,TXN001727,13521.69,2026-08-19
SET001683,TXN001728,4420.65,2026-08-21
SET001684,TXN001729,11853.83,2026-08-13
SET001685,TXN001730,8451.0,2026-08-24
SET001686,TXN001731,18125.46,2026-08-23
SET001687,TXN001732,18316.51,2026-08-16
SET001688,TXN001733,2552.08,2026-08-20
SET001689,TXN001734,19107.52,2026-08-27
SET001690,TXN001735,15108.8,2026-08-23
SET001691,TXN001736,3010.47,2026-08-23
SET001692,TXN001737,19847.79,2026-08-07
SET001693,TXN001738,22525.44,2026-08-16
SET001694,TXN001739,1649.85,2026-08-09
SET001695,TXN001740,2053.9,2026-08-04
SET001696,TXN001742,16130.44,2026-08-13
SET001697,TXN001743,1486.26,2026-08-27
SET001698,TXN001744,15153.52,2026-08-18
SET001699,TXN001745,5053.88,2026-08-23
SET001700,TXN001746,7031.19,2026-08-03
SET001701,TXN001747,12608.05,2026-08-24
SET001702,TXN001748,15178.88,2026-08-23
SET001703,TXN001749,8807.92,2026-08-23
SET001704,TXN001750,23710.29,2026-08-05
SET001705,TXN001751,19065.52,2026-08-15
SET001706,TXN001752,9667.06,2026-08-22
SET001707,TXN001753,12662.17,2026-08-25
SET001708,TXN001754,22550.96,2026-08-20
SET001709,TXN001755,17955.41,2026-08-20
SET001710,TXN001756,8529.66,2026-08-12
SET001711,TXN001757,14797.66,2026-08-10
SET001712,TXN001758,22588.49,2026-08-20
SET001713,TXN001759,6468.63,2026-08-17
SET001714,TXN001760,2698.41,2026-08-06
SET001715,TXN001761,7228.65,2026-08-05
SET001716,TXN001762,23336.02,2026-08-19
SET001717,TXN001763,6155.64,2026-08-16
SET001718,TXN001764,13751.21,2026-08-28
SET001719,TXN001765,18460.67,2026-08-28
SET001720,TXN001766,16659.21,2026-08-20
SET001721,TXN001767,11849.81,2026-08-12
SET001722,TXN001768,0.0,2026-08-28
SET001723,TXN001769,16574.36,2026-08-10
SET001724,TXN001770,10097.75,2026-08-15
SET001725,TXN001771,13103.68,2026-08-25
SET001726,TXN001772,6157.1,2026-08-04
SET001727,TXN001773,8794.43,2026-08-13
SET001728,TXN001774,13731.39,2026-08-09
SET001729,TXN001775,7732.14,2026-08-08
SET001730,TXN001776,6643.9,2026-08-26
SET001731,TXN001777,22663.14,2026-08-08
SET001732,TXN001778,18191.88,2026-08-09
SET001733,TXN001779,21418.86,2026-08-08
SET001734,TXN001780,5030.88,2026-08-09
SET001735,TXN001781,8809.51,2026-08-27
SET001736,TXN001783,23550.14,2026-08-18
SET001737,TXN001784,259.38,2026-08-21
SET001738,TXN001785,20601.0,2026-08-13
SET001739,TXN001786,7743.08,2026-08-21
SET001740,TXN001787,10323.72,2026-08-26
SET001741,TXN001788,1436.46,2026-08-11
SET001742,TXN001789,3214.48,2026-08-19
SET001743,TXN001790,11699.95,2026-08-19
SET001744,TXN001791,12391.51,2026-08-15
SET001745,TXN001792,11251.43,2026-08-06
SET001746,TXN001793,11269.03,2026-08-26
SET001747,TXN001794,387.84,2026-08-10
SET001748,TXN001795,14217.95,2026-08-13
SET001749,TXN001796,14952.19,2026-08-10
SET001750,TXN001797,13402.15,2026-08-09
SET001751,TXN001798,4593.65,2026-08-22
SET001752,TXN001799,9035.23,2026-08-17
SET001753,TXN001800,5262.02,2026-08-25
SET001754,TXN001801,8939.43,2026-08-15
SET001755,TXN001802,11000.18,2026-08-21
SET001756,TXN001803,23811.73,2026-08-23
SET001757,TXN001804,20051.99,2026-08-27
SET001758,TXN001805,19546.67,2026-08-21
SET001759,TXN001806,20819.29,2026-08-10
SET001760,TXN001807,19555.37,2026-08-25
SET001761,TXN001808,11605.5,2026-08-04
SET001762,TXN001809,10300.75,2026-08-08
SET001763,TXN001810,12596.7,2026-08-27
SET001764,TXN001811,19353.89,2026-08-13
SET001765,TXN001812,12909.5,2026-08-22
SET001766,TXN001813,9872.04,2026-08-26
SET001767,TXN001814,1564.77,2026-08-10
SET001768,TXN001815,20583.36,2026-08-05
SET001769,TXN001816,18334.57,2026-08-12
SET001770,TXN001817,8950.28,2026-08-21
SET001771,TXN001818,8510.34,2026-08-17
SET001772,TXN001819,3355.7,2026-08-23
SET001773,TXN001820,4983.92,2026-08-21
SET001774,TXN001821,15864.6,2026-08-09
SET001775,TXN001822,8767.83,2026-08-24
SET001776,TXN001823,11894.88,2026-08-25
SET001777,TXN001824,21810.58,2026-08-15
SET001778,TXN001826,21417.76,2026-08-24
SET001779,TXN001827,10344.2,2026-08-21
SET001780,TXN001828,10024.4,2026-08-06
SET001781,TXN001829,4021.95,2026-08-09
SET001782,TXN001830,7110.84,2026-08-11
SET001783,TXN001831,14917.7,2026-08-14
SET001784,TXN001832,21747.32,2026-08-26
SET001785,TXN001833,18458.53,2026-08-18
SET001786,TXN001834,10127.75,2026-08-08
SET001787,TXN001835,3141.44,2026-08-09
SET001788,TXN001836,3141.51,2026-08-25
SET001789,TXN001837,5253.42,2026-08-15
SET001790,TXN001838,2420.31,2026-08-18
SET001791,TXN001839,491.93,2026-08-28
SET001792,TXN001840,12896.96,2026-08-06
SET001793,TXN001841,6539.62,2026-08-07
SET001794,TXN001842,6127.5,2026-08-15
SET001795,TXN001843,5715.46,2026-08-25
SET001796,TXN001844,10881.57,2026-08-08
SET001797,TXN001845,12847.68,2026-08-07
SET001798,TXN001846,957.47,2026-08-15
SET001799,TXN001847,21102.64,2026-08-18
SET001800,TXN001848,22912.51,2026-08-19
SET001801,TXN001849,3422.85,2026-08-26
SET001802,TXN001850,4444.38,2026-08-21
SET001803,TXN001851,15536.02,2026-08-24
SET001804,TXN001852,10667.87,2026-08-23
SET001805,TXN001853,13070.4,2026-08-13
SET001806,TXN001854,13207.07,2026-08-28
SET001807,TXN001855,10832.09,2026-08-14
SET001808,TXN001856,6406.09,2026-08-11
SET001809,TXN001857,100.62,2026-08-28
SET001810,TXN001858,8545.9,2026-08-18
SET001811,TXN001859,303.16,2026-08-17
SET001812,TXN001860,7426.55,2026-08-26
SET001813,TXN001861,19650.67,2026-08-23
SET001814,TXN001862,19383.68,2026-08-20
SET001815,TXN001863,4654.23,2026-08-21
SET001816,TXN001864,9647.07,2026-08-09
SET001817,TXN001865,9520.58,2026-08-15
SET001818,TXN001866,6252.09,2026-08-16
SET001819,TXN001867,5913.2,2026-08-28
SET001820,TXN001868,19953.88,2026-08-24
SET001821,TXN001869,7071.35,2026-08-26
SET001822,TXN001870,13415.38,2026-08-16
SET001823,TXN001871,16003.53,2026-08-07
SET001824,TXN001873,15197.14,2026-08-11
SET001825,TXN001874,11993.34,2026-08-13
SET001826,TXN001875,3804.13,2026-08-20
SET001827,TXN001876,4625.44,2026-08-05
SET001828,TXN001877,6691.34,2026-08-26
SET001829,TXN001878,17827.83,2026-08-11
SET001830,TXN001879,3743.14,2026-08-18
SET001831,TXN001880,4823.17,2026-08-13
SET001832,TXN001881,24596.64,2026-08-18
SET001833,TXN001882,8178.23,2026-08-28
SET001834,TXN001883,1463.67,2026-08-28
SET001835,TXN001884,1850.61,2026-08-17
SET001836,TXN001885,4817.83,2026-08-12
SET001837,TXN001886,20462.75,2026-08-07
SET001838,TXN001887,9545.32,2026-08-17
SET001839,TXN001888,17963.89,2026-08-03
SET001840,TXN001889,11267.17,2026-08-27
SET001841,TXN001890,1838.97,2026-08-10
SET001842,TXN001891,9513.16,2026-08-11
SET001843,TXN001892,3981.36,2026-08-27
SET001844,TXN001893,18134.26,2026-08-20
SET001845,TXN001894,3070.18,2026-08-17
SET001846,TXN001895,7349.83,2026-08-13
SET001847,TXN001897,5871.93,2026-08-15
SET001848,TXN001898,462.08,2026-08-28
SET001849,TXN001899,14404.11,2026-08-16
SET001850,TXN001900,312.87,2026-08-04
SET001851,TXN001901,19112.1,2026-08-19
SET001852,TXN001902,3901.98,2026-08-26
SET001853,TXN001903,6123.9,2026-08-17
SET001854,TXN001904,16777.38,2026-08-14
SET001855,TXN001905,1553.94,2026-08-14
SET001856,TXN001906,3882.46,2026-08-19
SET001857,TXN001907,3186.44,2026-08-11
SET001858,TXN001908,24154.26,2026-08-29
SET001859,TXN001909,18706.23,2026-08-28
SET001860,TXN001910,18055.24,2026-08-02
SET001861,TXN001911,8799.27,2026-08-06
SET001862,TXN001912,22037.86,2026-08-19
SET001863,TXN001913,13607.33,2026-08-19
SET001864,TXN001914,4689.28,2026-08-08
SET001865,TXN001915,8647.19,2026-08-27
SET001866,TXN001916,6829.62,2026-08-22
SET001867,TXN001917,3992.9,2026-08-19
SET001868,TXN001918,11059.5,2026-08-11
SET001869,TXN001919,9051.43,2026-08-04
SET001870,TXN001920,12358.4,2026-08-26
SET001871,TXN001921,21485.54,2026-08-22
SET001872,TXN001922,19151.11,2026-08-09
SET001873,TXN001923,17810.06,2026-08-23
SET001874,TXN001924,19937.58,2026-08-09
SET001875,TXN001925,16855.64,2026-08-28
SET001876,TXN001926,2908.49,2026-08-12
SET001877,TXN001927,10089.76,2026-08-14
SET001878,TXN001928,2455.27,2026-08-25
SET001879,TXN001929,1157.25,2026-08-06
SET001880,TXN001930,17763.8,2026-08-10
SET001881,TXN001931,11916.07,2026-08-07
SET001882,TXN001932,13903.01,2026-08-15
SET001883,TXN001933,12039.11,2026-08-22
SET001884,TXN001934,6331.09,2026-08-14
SET001885,TXN001935,14897.09,2026-08-05
SET001886,TXN001936,22956.12,2026-08-10
SET001887,TXN001937,12022.69,2026-08-05
SET001888,TXN001938,19568.69,2026-08-03
SET001889,TXN001939,13609.76,2026-08-15
SET001890,TXN001940,2858.97,2026-08-03
SET001891,TXN001941,6558.51,2026-08-03
SET001892,TXN001942,20380.08,2026-08-05
SET001893,TXN001944,17752.81,2026-08-21
SET001894,TXN001945,4679.61,2026-08-18
SET001895,TXN001946,6126.69,2026-08-23
SET001896,TXN001947,220.63,2026-08-19
SET001897,TXN001948,18430.9,2026-08-27
SET001898,TXN001949,14073.29,2026-08-23
SET001899,TXN001950,17180.52,2026-08-16
SET001900,TXN001951,4169.17,2026-08-08
SET001901,TXN001952,9808.87,2026-08-14
SET001902,TXN001953,3948.46,2026-08-21
SET001903,TXN001954,23066.78,2026-08-14
SET001904,TXN001955,24069.46,2026-08-14
SET001905,TXN001956,10124.6,2026-08-23
SET001906,TXN001957,20079.42,2026-08-14
SET001907,TXN001958,5987.03,2026-08-20
SET001908,TXN001959,9205.47,2026-08-20
SET001909,TXN001960,2287.49,2026-08-17
SET001910,TXN001961,23309.73,2026-08-02
SET001911,TXN001962,24038.05,2026-08-22
SET001912,TXN001963,12786.62,2026-08-13
SET001913,TXN001964,7482.36,2026-08-11
SET001914,TXN001965,20910.94,2026-08-04
SET001915,TXN001966,22583.18,2026-08-18
SET001916,TXN001967,14126.72,2026-08-22
SET001917,TXN001968,2415.81,2026-08-18
SET001918,TXN001969,3872.85,2026-08-12
SET001919,TXN001970,11059.68,2026-08-10
SET001920,TXN001971,6358.25,2026-08-13
SET001921,TXN001972,14091.26,2026-08-20
SET001922,TXN001973,17852.29,2026-08-27
SET001923,TXN001974,19305.17,2026-08-08
SET001924,TXN001975,20383.66,2026-08-25
SET001925,TXN001976,19954.6,2026-08-05
SET001926,TXN001977,15855.84,2026-08-03
SET001927,TXN001979,22666.29,2026-08-14
SET001928,TXN001980,20867.37,2026-08-17
SET001929,TXN001981,22719.3,2026-08-07
SET001930,TXN001982,18456.38,2026-08-23
SET001931,TXN001983,15558.36,2026-08-23
SET001932,TXN001984,1419.62,2026-08-20
SET001933,TXN001986,8095.68,2026-08-25
SET001934,TXN001987,3820.96,2026-08-23
SET001935,TXN001988,23935.99,2026-08-26
SET001936,TXN001989,14083.74,2026-08-05
SET001937,TXN001990,10567.24,2026-08-29
SET001938,TXN001991,3706.5,2026-08-12
SET001939,TXN001992,11704.24,2026-08-27
SET001940,TXN001993,13371.28,2026-08-10
SET001941,TXN001994,9820.51,2026-08-17
SET001942,TXN001995,18659.44,2026-08-17
SET001943,TXN001996,4935.82,2026-08-14
SET001944,TXN001997,13965.25,2026-08-20
SET001945,TXN001998,24275.3,2026-08-18
SET001946,TXN001999,5994.62,2026-08-12
SET001947,TXN002000,7994.1,2026-08-20
